UserID,Gender,Age,Occupation
1,1,1,10
2,2,56,16
3,2,25,15
4,2,45,7
5,2,25,20
6,1,50,9
7,2,35,1
8,2,25,12
9,2,25,17
10,1,35,1
11,1,25,1
12,2,25,12
13,2,45,1
14,2,35,0
15,2,25,7
16,1,35,0
17,2,50,1
18,1,18,3
19,2,1,10
20,2,25,14
21,2,18,16
22,2,18,15
23,2,35,0
24,1,25,7
25,2,18,4
26,2,25,7
27,2,25,11
28,1,25,1
29,2,35,7
30,1,35,7
31,2,56,7
32,1,25,0
33,2,45,3
34,1,18,0
35,2,45,1
36,2,25,3
37,1,25,9
38,1,18,4
39,2,18,4
40,2,45,0
41,1,18,4
42,2,25,8
43,2,25,12
44,2,45,17
45,1,45,16
46,2,18,19
47,2,18,4
48,2,25,4
49,2,18,12
50,1,25,2
51,1,1,10
52,2,18,4
53,2,25,0
54,2,50,1
55,1,35,12
56,2,35,20
57,2,18,19
58,2,25,2
59,1,50,1
60,2,50,1
61,2,25,17
62,1,35,3
63,2,18,4
64,2,18,1
65,2,35,12
66,2,25,18
67,1,50,5
68,2,18,4
69,1,25,1
70,2,18,4
71,2,25,14
72,1,45,0
73,2,18,4
74,2,35,14
75,1,1,10
76,2,35,7
77,2,18,4
78,1,45,1
79,1,45,0
80,2,56,1
81,1,25,0
82,2,25,17
83,1,25,2
84,2,18,4
85,2,18,4
86,1,1,10
87,2,25,14
88,1,45,1
89,1,56,9
90,2,56,13
91,2,35,7
92,1,18,4
93,2,25,17
94,2,25,17
95,2,45,0
96,1,25,16
97,1,35,3
98,1,35,7
99,1,1,10
100,2,35,17
101,1,18,3
102,2,35,19
103,2,45,7
104,2,25,12
105,2,45,12
106,1,35,11
107,2,45,18
108,2,25,12
109,2,45,15
110,2,25,2
111,2,35,15
112,2,25,16
113,2,18,12
114,1,25,2
115,2,25,17
116,2,25,17
117,2,25,17
118,2,35,17
119,1,1,10
120,2,25,11
121,2,35,7
122,1,18,4
123,2,35,9
124,2,56,7
125,2,45,14
126,2,18,9
127,1,45,3
128,2,56,6
129,2,25,11
130,2,35,17
131,2,18,4
132,2,25,17
133,1,25,0
134,2,25,0
135,2,18,4
136,2,18,2
137,1,45,6
138,2,18,20
139,1,25,20
140,1,35,1
141,2,35,13
142,2,25,7
143,2,18,3
144,2,25,17
145,2,18,4
146,1,35,20
147,2,18,4
148,2,50,17
149,2,25,1
150,2,35,7
151,1,25,20
152,2,18,4
153,2,1,10
154,2,50,20
155,2,35,12
156,1,45,7
157,2,35,16
158,2,56,7
159,1,45,0
160,2,35,7
161,2,45,16
162,1,18,4
163,2,18,4
164,1,56,13
165,2,18,16
166,2,18,4
167,1,25,11
168,1,50,0
169,2,25,7
170,2,25,11
171,1,50,17
172,2,25,3
173,2,25,0
174,2,25,16
175,1,25,2
176,1,18,3
177,2,50,1
178,2,56,17
179,2,25,0
180,2,45,12
181,2,18,17
182,2,18,4
183,1,45,1
184,1,25,0
185,2,45,0
186,2,18,5
187,1,45,1
188,2,56,16
189,2,18,0
190,2,25,17
191,2,18,4
192,2,18,1
193,1,45,15
194,1,1,10
195,2,25,12
196,1,35,9
197,2,18,14
198,2,25,12
199,2,18,4
200,1,18,4
201,1,35,2
202,2,18,4
203,1,18,4
204,2,25,7
205,2,35,12
206,2,25,17
207,2,25,12
208,2,35,17
209,2,35,1
210,1,1,10
211,2,45,17
212,2,25,16
213,1,18,4
214,2,18,20
215,2,35,14
216,2,45,13
217,2,18,4
218,2,35,14
219,1,25,4
220,2,25,12
221,1,25,0
222,2,25,1
223,2,25,17
224,1,18,4
225,2,25,7
226,2,35,1
227,2,35,20
228,2,25,15
229,2,18,10
230,2,45,1
231,2,25,3
232,2,25,20
233,1,45,20
234,2,35,7
235,2,25,0
236,2,25,5
237,2,25,6
238,1,50,7
239,2,18,19
240,2,50,17
241,2,35,20
242,1,18,4
243,2,25,16
244,2,50,7
245,2,35,16
246,1,18,4
247,2,25,17
248,2,18,17
249,1,18,14
250,2,35,16
251,2,56,17
252,2,25,12
253,1,25,11
254,2,35,17
255,2,35,0
256,2,45,16
257,2,18,18
258,2,25,7
259,2,25,1
260,2,18,19
261,2,25,20
262,1,25,1
263,1,25,7
264,2,35,0
265,1,35,7
266,2,35,11
267,2,45,12
268,1,18,12
269,2,25,2
270,2,50,14
271,2,18,4
272,2,18,0
273,2,18,4
274,2,18,4
275,2,25,0
276,2,45,16
277,1,35,1
278,2,45,18
279,2,25,14
280,2,50,7
281,1,35,0
282,2,25,17
283,2,25,0
284,2,25,12
285,1,35,0
286,2,25,1
287,2,50,13
288,1,25,12
289,1,25,0
290,1,25,20
291,2,35,12
292,2,35,7
293,2,56,1
294,1,45,9
295,2,18,0
296,2,50,5
297,2,18,2
298,1,18,4
299,2,25,12
300,2,25,7
301,2,18,4
302,2,18,4
303,2,25,7
304,2,25,0
305,1,18,0
306,2,18,0
307,2,50,16
308,2,25,2
309,2,25,4
310,1,18,4
311,2,18,4
312,1,50,2
313,1,18,4
314,1,56,9
315,1,56,1
316,2,56,13
317,2,35,7
318,1,56,13
319,1,50,6
320,2,35,6
321,2,18,4
322,2,56,17
323,2,45,12
324,2,35,17
325,1,50,3
326,2,50,11
327,2,35,18
328,2,35,12
329,2,35,7
330,2,56,7
331,2,25,7
332,2,50,1
333,2,35,2
334,1,56,2
335,2,35,18
336,2,18,0
337,2,18,19
338,2,35,7
339,2,50,7
340,1,25,3
341,1,56,13
342,2,18,12
343,1,35,3
344,2,35,14
345,2,25,12
346,1,25,0
347,1,56,1
348,2,50,7
349,2,1,10
350,2,45,20
351,2,18,4
352,2,18,4
353,1,35,7
354,2,35,1
355,2,18,3
356,2,56,20
357,2,18,0
358,1,56,1
359,2,25,17
360,2,35,17
361,1,25,14
362,2,35,20
363,2,18,10
364,1,35,1
365,1,18,4
366,2,50,15
367,2,50,12
368,2,25,0
369,2,35,1
370,2,18,17
371,2,18,4
372,1,18,4
373,1,25,2
374,1,35,14
375,2,25,2
376,2,35,1
377,2,25,17
378,1,18,0
379,1,35,1
380,2,25,2
381,2,35,17
382,1,35,20
383,1,25,7
384,2,25,11
385,2,25,6
386,2,25,0
387,1,35,7
388,1,25,0
389,2,25,6
390,2,25,4
391,2,45,11
392,2,18,7
393,2,35,17
394,2,18,0
395,2,18,5
396,2,25,1
397,2,35,17
398,2,25,17
399,1,35,6
400,1,18,3
401,2,18,0
402,2,25,11
403,2,18,4
404,2,18,4
405,2,56,1
406,2,25,20
407,2,18,17
408,2,25,11
409,2,18,12
410,1,25,1
411,1,45,1
412,2,35,15
413,2,25,11
414,2,25,0
415,1,35,0
416,2,45,14
417,1,25,0
418,1,25,3
419,2,18,3
420,2,35,1
421,1,45,3
422,2,56,17
423,2,18,4
424,2,25,17
425,2,25,12
426,2,18,4
427,2,35,12
428,1,18,4
429,2,18,0
430,1,18,10
431,2,18,10
432,2,45,16
433,2,50,6
434,1,45,3
435,2,25,7
436,2,18,4
437,2,35,17
438,2,18,11
439,2,35,14
440,2,56,1
441,2,35,1
442,2,25,1
443,2,25,3
444,2,56,0
445,2,45,12
446,1,50,0
447,1,45,11
448,2,25,17
449,2,25,7
450,2,45,1
451,2,56,13
452,2,50,17
453,2,18,4
454,2,25,20
455,1,35,2
456,2,35,0
457,2,18,4
458,2,50,16
459,1,18,4
460,2,45,18
461,2,50,7
462,2,18,16
463,2,25,7
464,1,18,4
465,2,18,19
466,2,25,5
467,1,35,3
468,1,1,10
469,2,35,6
470,1,1,10
471,2,35,7
472,2,35,0
473,1,18,4
474,2,25,17
475,1,25,2
476,2,35,0
477,2,35,14
478,2,50,16
479,2,25,12
480,1,18,4
481,2,45,7
482,2,25,14
483,2,18,12
484,1,1,10
485,2,56,7
486,2,56,0
487,1,35,17
488,2,25,12
489,2,18,4
490,2,1,10
491,2,18,4
492,2,25,12
493,2,50,7
494,1,35,0
495,2,18,10
496,2,18,4
497,1,25,17
498,2,35,17
499,1,25,1
500,1,18,2
501,2,25,2
502,2,35,6
503,2,35,11
504,2,25,2
505,2,35,17
506,2,25,16
507,1,25,0
508,2,25,12
509,2,25,2
510,2,18,12
511,1,45,4
512,2,35,0
513,2,25,0
514,2,25,2
515,2,25,1
516,1,56,14
517,1,25,14
518,1,35,12
519,1,35,14
520,1,35,20
521,2,56,7
522,2,25,12
523,2,50,7
524,2,18,0
525,2,35,6
526,2,45,17
527,1,25,2
528,1,18,17
529,2,35,12
530,2,25,2
531,1,18,14
532,2,25,7
533,2,25,12
534,2,25,15
535,2,35,6
536,2,25,20
537,2,45,14
538,2,56,16
539,2,25,2
540,2,18,1
541,1,18,4
542,2,18,4
543,2,25,5
544,2,35,12
545,2,35,17
546,1,25,0
547,2,35,12
548,1,35,16
549,2,25,6
550,2,45,8
551,2,35,20
552,2,50,18
553,2,25,2
554,2,25,12
555,2,18,4
556,1,25,9
557,2,56,1
558,2,35,20
559,1,25,7
560,2,45,15
561,1,18,14
562,2,35,20
563,2,25,4
564,2,45,1
565,2,25,16
566,2,25,17
567,2,35,20
568,1,50,17
569,1,18,4
570,2,25,4
571,2,50,5
572,2,18,4
573,1,35,2
574,2,25,19
575,2,25,12
576,1,45,15
577,2,35,0
578,2,18,17
579,2,25,5
580,2,1,10
581,2,50,14
582,2,18,4
583,1,25,0
584,1,25,0
585,2,18,1
586,2,35,14
587,2,25,20
588,1,25,11
589,2,18,2
590,1,35,6
591,2,25,0
592,2,18,0
593,1,50,1
594,1,56,13
595,2,25,7
596,1,25,1
597,2,35,12
598,2,35,7
599,2,50,6
600,2,35,17
601,1,18,20
602,1,56,6
603,1,25,6
604,2,45,17
605,1,18,4
606,1,1,10
607,2,25,0
608,2,18,4
609,2,25,7
610,2,25,4
611,2,35,0
612,2,50,7
613,2,35,20
614,2,35,1
615,2,50,17
616,2,25,7
617,1,25,7
618,2,25,0
619,1,18,1
620,2,18,0
621,2,18,4
622,2,25,0
623,2,25,17
624,2,25,1
625,1,35,12
626,2,18,4
627,2,50,2
628,1,35,0
629,1,1,10
630,1,35,14
631,2,35,17
632,2,45,17
633,2,25,17
634,1,1,10
635,2,56,17
636,2,18,20
637,2,35,12
638,2,25,6
639,2,45,17
640,2,18,4
641,1,35,0
642,1,35,1
643,2,25,2
644,2,25,20
645,2,35,20
646,2,35,7
647,2,35,12
648,1,25,12
649,2,25,4
650,2,25,17
651,2,35,7
652,2,18,20
653,2,56,13
654,2,50,7
655,1,25,2
656,1,45,16
657,1,50,13
658,1,25,0
659,1,25,0
660,2,45,16
661,2,45,1
662,2,18,4
663,1,25,7
664,2,35,18
665,2,18,2
666,1,18,0
667,2,25,18
668,1,25,3
669,2,25,17
670,2,25,12
671,2,18,4
672,2,35,7
673,2,25,20
674,2,25,17
675,2,25,20
676,2,18,16
677,2,50,2
678,2,25,0
679,2,35,16
680,2,25,12
681,2,35,7
682,2,25,4
683,2,25,4
684,2,25,4
685,2,25,4
686,2,18,4
687,1,25,7
688,2,56,13
689,1,50,0
690,2,25,12
691,2,35,11
692,1,25,0
693,2,35,12
694,2,18,4
695,1,18,1
696,2,25,12
697,1,50,6
698,2,18,4
699,2,18,0
700,2,50,17
701,1,18,4
702,2,35,7
703,1,56,1
704,1,35,8
705,2,25,4
706,2,35,20
707,2,35,7
708,2,25,0
709,2,18,0
710,2,25,20
711,2,25,18
712,2,25,0
713,2,35,7
714,2,18,4
715,2,18,0
716,2,18,4
717,2,25,11
718,2,18,2
719,2,1,0
720,2,18,0
721,1,35,9
722,2,25,12
723,2,25,12
724,2,50,13
725,2,56,11
726,1,25,9
727,2,35,11
728,2,25,6
729,2,35,12
730,2,25,0
731,2,45,3
732,2,25,7
733,2,35,16
734,2,25,7
735,2,25,14
736,2,18,12
737,2,1,19
738,2,18,17
739,2,35,12
740,2,25,14
741,2,25,5
742,2,18,0
743,1,1,2
744,2,25,17
745,2,1,10
746,1,18,19
747,2,18,4
748,2,25,0
749,2,35,18
750,1,35,9
751,1,25,17
752,1,25,3
753,2,1,10
754,2,35,7
755,1,35,0
756,2,35,0
757,2,25,12
758,2,35,7
759,1,56,3
760,2,56,15
761,2,18,7
762,2,1,10
763,2,18,10
764,2,18,20
765,2,25,17
766,1,25,7
767,2,25,12
768,2,25,12
769,2,45,17
770,2,18,4
771,1,50,1
772,2,18,12
773,2,25,6
774,2,18,4
775,2,1,17
776,1,25,3
777,2,18,19
778,2,18,17
779,2,25,0
780,2,25,17
781,2,18,4
782,2,56,1
783,2,25,4
784,2,18,0
785,2,18,19
786,2,25,0
787,2,18,4
788,2,25,0
789,2,18,1
790,2,25,17
791,2,35,7
792,2,25,17
793,1,35,14
794,2,50,20
795,1,35,14
796,2,50,6
797,1,50,7
798,1,25,20
799,1,25,5
800,1,35,12
801,1,25,20
802,2,25,16
803,2,18,4
804,2,25,20
805,2,35,12
806,2,35,0
807,2,18,4
808,2,25,7
809,2,25,17
810,2,25,12
811,2,50,0
812,2,25,6
813,2,18,4
814,1,18,4
815,2,25,4
816,2,45,0
817,2,18,4
818,2,18,4
819,2,35,7
820,2,35,7
821,2,18,2
822,1,25,1
823,2,25,0
824,2,35,12
825,2,56,1
826,1,35,1
827,2,45,2
828,2,18,4
829,2,1,19
830,2,35,7
831,1,45,0
832,2,18,2
833,2,35,7
834,1,35,12
835,2,56,0
836,2,25,11
837,2,56,7
838,2,50,17
839,2,25,0
840,1,25,3
841,1,50,14
842,1,18,0
843,2,25,7
844,2,25,0
845,1,18,0
846,2,25,5
847,1,25,7
848,2,25,15
849,2,25,3
850,2,35,0
851,2,18,4
852,2,25,5
853,2,25,17
854,1,25,16
855,1,18,2
856,1,45,6
857,2,35,17
858,2,35,14
859,2,25,12
860,2,18,0
861,2,25,7
862,2,35,7
863,2,25,7
864,1,25,0
865,2,35,1
866,2,1,10
867,2,45,12
868,2,50,17
869,2,18,20
870,1,25,1
871,2,1,10
872,2,50,1
873,2,56,6
874,2,45,15
875,2,1,10
876,2,25,4
877,2,25,0
878,2,18,2
879,2,45,16
880,2,35,17
881,2,18,14
882,2,18,2
883,1,35,14
884,2,1,10
885,2,35,0
886,1,56,0
887,1,56,16
888,1,1,10
889,2,45,20
890,2,18,4
891,2,25,1
892,2,35,0
893,1,50,6
894,2,18,4
895,2,50,1
896,2,18,15
897,2,25,6
898,2,25,7
899,1,25,1
900,1,56,13
901,1,56,0
902,2,56,0
903,2,56,13
904,2,35,20
905,1,45,12
906,2,1,10
907,1,45,6
908,1,50,1
909,2,45,7
910,1,50,0
911,2,50,0
912,1,35,2
913,2,25,0
914,1,35,9
915,2,25,7
916,1,25,1
917,2,50,6
918,1,45,1
919,1,35,1
920,2,18,4
921,2,25,17
922,2,56,16
923,2,25,7
924,2,50,17
925,1,35,3
926,2,1,10
927,1,25,20
928,1,56,16
929,2,25,15
930,2,25,5
931,1,56,1
932,1,35,6
933,2,45,1
934,1,35,7
935,2,35,14
936,2,18,4
937,2,25,15
938,1,25,1
939,1,25,20
940,2,1,10
941,2,18,20
942,1,50,6
943,1,45,12
944,2,35,0
945,2,45,7
946,2,35,7
947,2,18,0
948,2,56,12
949,2,50,17
950,2,35,7
951,2,45,2
952,2,56,16
953,2,50,20
954,1,25,0
955,1,50,7
956,2,35,1
957,2,35,1
958,2,35,2
959,2,50,11
960,2,1,10
961,2,18,10
962,1,25,1
963,2,25,0
964,2,25,7
965,2,56,7
966,2,56,2
967,1,18,0
968,2,50,12
969,1,25,11
970,2,25,0
971,2,25,12
972,2,45,1
973,1,25,1
974,2,35,19
975,2,35,0
976,2,35,14
977,2,25,2
978,2,18,0
979,2,1,10
980,2,25,6
981,2,25,20
982,1,25,9
983,1,25,16
984,2,50,16
985,2,25,4
986,1,56,0
987,1,35,17
988,2,50,11
989,2,50,0
990,2,18,6
991,1,25,9
992,1,35,3
993,2,25,0
994,2,18,2
995,1,18,4
996,2,25,17
997,2,1,19
998,2,45,20
999,2,25,15
1000,1,25,6
1001,2,25,4
1002,2,50,11
1003,2,25,2
1004,2,25,3
1005,2,35,11
1006,2,18,4
1007,2,50,12
1008,2,35,3
1009,2,50,7
1010,2,25,0
1011,2,25,8
1012,1,35,1
1013,2,56,13
1014,1,45,17
1015,2,35,3
1016,2,56,16
1017,2,35,0
1018,2,18,4
1019,2,35,1
1020,2,18,20
1021,2,35,0
1022,2,25,3
1023,2,56,13
1024,1,35,1
1025,2,25,16
1026,1,45,0
1027,2,18,4
1028,1,45,7
1029,2,25,0
1030,2,25,7
1031,2,35,16
1032,2,50,16
1033,2,25,5
1034,1,35,1
1035,2,18,2
1036,2,35,7
1037,2,45,7
1038,1,56,15
1039,1,35,1
1040,2,25,11
1041,2,45,2
1042,2,35,5
1043,1,50,11
1044,2,25,20
1045,1,1,10
1046,2,56,18
1047,2,18,0
1048,2,35,6
1049,2,45,14
1050,2,25,1
1051,1,25,0
1052,1,35,2
1053,2,35,0
1054,2,1,10
1055,2,35,0
1056,2,1,0
1057,2,45,17
1058,2,25,1
1059,1,25,0
1060,2,18,10
1061,2,45,0
1062,2,50,19
1063,2,35,7
1064,2,25,7
1065,1,25,0
1066,2,45,12
1067,2,35,12
1068,1,18,4
1069,2,25,20
1070,1,45,2
1071,2,50,16
1072,1,35,7
1073,1,25,6
1074,2,45,17
1075,1,25,6
1076,1,25,3
1077,2,25,3
1078,1,45,9
1079,2,25,7
1080,2,56,7
1081,2,18,4
1082,2,45,7
1083,2,56,0
1084,2,1,19
1085,2,25,7
1086,2,18,4
1087,2,25,16
1088,1,1,10
1089,2,35,6
1090,2,25,7
1091,2,18,5
1092,1,18,4
1093,2,50,14
1094,1,18,0
1095,1,56,6
1096,2,1,10
1097,2,18,17
1098,2,35,7
1099,2,25,17
1100,2,25,0
1101,2,35,1
1102,2,18,1
1103,1,45,7
1104,2,35,11
1105,2,35,6
1106,2,18,4
1107,1,50,1
1108,2,56,1
1109,2,18,10
1110,1,56,6
1111,1,50,16
1112,2,18,6
1113,2,18,4
1114,1,18,9
1115,1,25,1
1116,2,25,15
1117,2,18,14
1118,2,50,13
1119,2,35,1
1120,2,18,4
1121,2,56,7
1122,2,56,14
1123,2,50,0
1124,2,25,2
1125,1,18,4
1126,2,56,16
1127,2,25,0
1128,2,25,1
1129,2,35,17
1130,2,18,7
1131,2,56,13
1132,2,18,12
1133,2,18,2
1134,2,18,20
1135,2,50,13
1136,1,35,7
1137,2,18,4
1138,2,18,12
1139,2,25,1
1140,1,45,2
1141,1,25,3
1142,2,18,1
1143,2,50,7
1144,2,25,7
1145,2,50,3
1146,1,18,16
1147,2,25,20
1148,2,35,17
1149,2,25,12
1150,1,25,20
1151,2,25,15
1152,2,18,4
1153,2,18,10
1154,1,1,10
1155,2,25,12
1156,1,50,2
1157,2,45,7
1158,1,35,1
1159,2,18,0
1160,2,18,14
1161,2,25,0
1162,1,35,0
1163,2,1,10
1164,1,25,19
1165,2,25,12
1166,2,56,6
1167,1,50,1
1168,1,25,0
1169,2,25,20
1170,2,56,3
1171,2,45,12
1172,1,25,0
1173,1,25,7
1174,1,18,16
1175,1,25,2
1176,2,56,1
1177,1,25,17
1178,2,56,0
1179,2,50,1
1180,1,50,20
1181,2,35,7
1182,2,1,10
1183,2,35,19
1184,1,25,4
1185,1,35,1
1186,2,18,19
1187,1,1,0
1188,2,45,7
1189,2,25,0
1190,2,45,0
1191,1,35,0
1192,2,50,16
1193,2,25,12
1194,1,25,1
1195,1,1,10
1196,1,18,14
1197,2,35,1
1198,2,1,10
1199,2,50,13
1200,2,1,0
1201,2,18,4
1202,2,35,12
1203,1,25,1
1204,2,25,7
1205,1,56,0
1206,1,50,7
1207,2,50,0
1208,2,25,0
1209,2,35,7
1210,2,25,17
1211,2,18,4
1212,1,50,1
1213,2,50,0
1214,2,56,13
1215,2,35,17
1216,2,25,2
1217,2,25,12
1218,2,56,15
1219,2,25,7
1220,2,1,10
1221,2,18,0
1222,2,35,0
1223,2,25,2
1224,2,50,13
1225,2,45,7
1226,2,18,20
1227,2,50,1
1228,2,25,1
1229,1,25,4
1230,2,25,11
1231,2,25,12
1232,1,18,4
1233,1,45,20
1234,2,18,4
1235,1,25,7
1236,1,25,1
1237,2,18,4
1238,1,35,20
1239,1,25,20
1240,1,18,14
1241,2,1,10
1242,1,35,0
1243,2,35,15
1244,2,25,4
1245,2,25,17
1246,2,18,4
1247,2,35,0
1248,1,35,20
1249,2,35,2
1250,2,50,0
1251,2,25,7
1252,2,56,13
1253,1,35,20
1254,1,18,1
1255,2,25,17
1256,2,25,20
1257,1,18,14
1258,2,45,7
1259,2,35,7
1260,2,25,17
1261,2,18,4
1262,2,25,4
1263,2,1,10
1264,2,25,1
1265,1,18,20
1266,2,25,4
1267,2,25,15
1268,2,50,2
1269,1,56,13
1270,2,25,6
1271,1,45,6
1272,2,18,20
1273,2,35,2
1274,2,45,7
1275,2,50,17
1276,2,35,17
1277,1,18,0
1278,2,18,4
1279,2,35,1
1280,2,1,10
1281,2,25,19
1282,2,50,1
1283,1,18,1
1284,2,45,16
1285,2,35,4
1286,2,35,17
1287,1,50,7
1288,1,35,19
1289,2,45,6
1290,2,35,0
1291,1,35,0
1292,2,25,7
1293,2,25,5
1294,1,50,20
1295,1,35,6
1296,2,1,0
1297,2,25,7
1298,2,35,6
1299,2,25,14
1300,2,1,10
1301,1,25,2
1302,2,18,4
1303,2,25,19
1304,2,25,14
1305,2,45,20
1306,2,25,3
1307,2,56,13
1308,2,1,10
1309,2,25,14
1310,2,45,0
1311,2,18,10
1312,2,25,14
1313,2,18,4
1314,1,18,4
1315,2,35,7
1316,2,50,2
1317,2,45,7
1318,2,18,16
1319,1,25,3
1320,2,25,4
1321,1,25,14
1322,2,56,0
1323,1,35,2
1324,2,35,16
1325,2,25,1
1326,1,25,0
1327,2,1,10
1328,2,35,14
1329,2,18,14
1330,2,56,1
1331,2,45,0
1332,2,25,7
1333,2,25,17
1334,2,50,7
1335,2,35,0
1336,1,50,20
1337,2,56,17
1338,2,25,0
1339,2,35,18
1340,2,25,7
1341,2,18,7
1342,2,35,0
1343,2,35,14
1344,1,25,9
1345,1,25,2
1346,2,35,20
1347,1,18,1
1348,1,1,10
1349,2,50,7
1350,1,35,0
1351,1,25,17
1352,2,35,20
1353,2,1,10
1354,1,25,2
1355,1,45,20
1356,1,18,4
1357,2,45,0
1358,2,35,17
1359,2,35,1
1360,2,25,20
1361,1,25,0
1362,2,35,12
1363,2,50,7
1364,1,45,2
1365,1,1,10
1366,2,1,10
1367,2,25,12
1368,1,25,3
1369,2,25,5
1370,2,35,2
1371,1,50,2
1372,2,1,10
1373,1,25,1
1374,2,50,1
1375,1,45,5
1376,1,45,1
1377,2,35,16
1378,1,45,7
1379,1,56,13
1380,2,1,10
1381,2,18,11
1382,1,45,1
1383,1,25,7
1384,2,18,10
1385,1,25,5
1386,1,25,0
1387,1,50,13
1388,2,56,20
1389,2,25,17
1390,2,35,16
1391,2,35,15
1392,2,45,3
1393,2,18,4
1394,1,25,3
1395,2,25,2
1396,1,25,12
1397,2,35,7
1398,1,56,16
1399,2,18,17
1400,2,25,7
1401,1,18,1
1402,2,18,4
1403,1,25,0
1404,2,50,16
1405,2,56,13
1406,2,25,4
1407,1,35,15
1408,2,25,0
1409,2,18,4
1410,2,50,7
1411,2,35,1
1412,2,25,17
1413,2,18,3
1414,2,18,4
1415,2,45,14
1416,2,25,14
1417,2,35,16
1418,2,18,4
1419,1,25,1
1420,2,18,4
1421,1,1,10
1422,2,35,17
1423,2,25,4
1424,2,35,0
1425,2,1,10
1426,2,18,14
1427,2,25,12
1428,1,45,11
1429,1,35,3
1430,2,18,4
1431,2,56,6
1432,2,35,1
1433,1,18,14
1434,1,1,10
1435,2,25,14
1436,1,50,6
1437,2,50,3
1438,2,18,2
1439,2,35,3
1440,2,35,12
1441,2,35,16
1442,2,18,2
1443,2,35,2
1444,1,25,4
1445,2,25,2
1446,2,35,12
1447,2,18,4
1448,1,25,3
1449,2,35,20
1450,2,18,4
1451,2,35,20
1452,1,56,13
1453,2,25,14
1454,2,18,4
1455,1,45,0
1456,2,25,2
1457,2,25,1
1458,2,1,0
1459,1,25,0
1460,1,18,4
1461,1,45,0
1462,2,35,16
1463,2,50,16
1464,2,35,12
1465,2,50,16
1466,2,18,4
1467,2,25,5
1468,2,1,14
1469,2,56,20
1470,2,18,4
1471,2,25,17
1472,2,25,7
1473,2,25,14
1474,2,25,4
1475,1,25,2
1476,1,18,0
1477,1,45,1
1478,2,1,10
1479,1,50,2
1480,2,25,20
1481,2,35,17
1482,2,25,7
1483,2,18,4
1484,2,25,12
1485,1,25,9
1486,2,25,16
1487,2,35,7
1488,2,25,7
1489,1,35,2
1490,2,50,7
1491,2,18,4
1492,2,25,12
1493,1,25,14
1494,2,25,17
1495,2,18,0
1496,2,25,17
1497,2,50,5
1498,2,18,4
1499,2,1,10
1500,2,25,17
1501,2,25,11
1502,2,18,4
1503,2,25,12
1504,2,18,19
1505,2,50,11
1506,2,25,7
1507,2,35,17
1508,1,1,10
1509,2,1,0
1510,1,25,1
1511,2,35,12
1512,2,25,20
1513,1,35,16
1514,2,18,4
1515,2,25,16
1516,1,25,12
1517,2,18,0
1518,2,25,2
1519,2,18,4
1520,2,25,17
1521,1,25,7
1522,2,35,20
1523,2,25,17
1524,2,18,4
1525,1,25,16
1526,2,56,17
1527,2,18,10
1528,2,25,15
1529,2,18,4
1530,2,25,4
1531,2,45,17
1532,2,18,14
1533,2,45,1
1534,2,50,12
1535,1,18,20
1536,1,35,3
1537,2,18,20
1538,2,25,3
1539,2,25,3
1540,2,45,0
1541,2,56,17
1542,2,18,17
1543,2,25,11
1544,2,25,12
1545,2,25,20
1546,2,25,4
1547,2,56,13
1548,2,35,1
1549,2,35,6
1550,2,18,4
1551,2,25,11
1552,2,45,20
1553,1,25,15
1554,1,35,12
1555,1,18,0
1556,2,18,4
1557,1,18,4
1558,2,18,6
1559,2,35,8
1560,1,25,3
1561,1,18,4
1562,2,18,20
1563,1,1,10
1564,2,50,1
1565,2,45,17
1566,2,35,16
1567,2,25,12
1568,1,1,10
1569,1,56,13
1570,2,18,17
1571,2,25,20
1572,1,25,3
1573,2,1,0
1574,2,25,6
1575,1,50,7
1576,1,45,9
1577,2,56,0
1578,2,18,4
1579,2,25,0
1580,1,18,4
1581,1,18,4
1582,2,18,0
1583,2,35,6
1584,2,25,19
1585,2,56,20
1586,2,45,7
1587,1,25,3
1588,2,25,11
1589,2,25,0
1590,2,35,1
1591,2,50,7
1592,2,35,7
1593,2,25,16
1594,1,35,20
1595,2,35,1
1596,1,18,5
1597,2,25,12
1598,2,35,13
1599,2,25,0
1600,2,35,7
1601,2,25,12
1602,1,25,7
1603,1,25,0
1604,2,25,11
1605,1,18,0
1606,1,35,3
1607,2,45,1
1608,2,25,11
1609,1,35,9
1610,2,25,11
1611,2,25,0
1612,2,25,17
1613,2,18,20
1614,2,35,0
1615,1,45,7
1616,2,25,0
1617,2,25,12
1618,2,50,0
1619,2,50,3
1620,2,25,20
1621,2,25,4
1622,2,18,4
1623,2,50,15
1624,2,25,0
1625,2,45,0
1626,2,18,4
1627,2,18,17
1628,2,18,20
1629,2,18,4
1630,2,45,17
1631,1,50,0
1632,2,25,16
1633,1,45,7
1634,1,56,0
1635,2,25,0
1636,1,25,19
1637,2,56,0
1638,1,18,17
1639,2,25,17
1640,2,35,17
1641,2,25,0
1642,2,50,13
1643,2,45,2
1644,2,18,12
1645,1,18,9
1646,2,25,20
1647,2,18,18
1648,2,50,14
1649,2,18,19
1650,2,25,19
1651,2,25,12
1652,2,25,16
1653,2,18,0
1654,1,45,0
1655,2,18,4
1656,2,25,17
1657,1,45,0
1658,1,35,6
1659,1,18,9
1660,1,25,2
1661,2,35,7
1662,2,25,12
1663,2,18,4
1664,1,18,4
1665,2,45,17
1666,2,25,14
1667,2,50,16
1668,2,35,2
1669,1,25,17
1670,1,56,13
1671,2,35,0
1672,2,25,17
1673,2,1,10
1674,2,35,2
1675,1,25,6
1676,2,18,4
1677,2,18,14
1678,1,18,17
1679,2,25,12
1680,2,25,20
1681,2,18,4
1682,2,25,2
1683,1,25,7
1684,2,18,3
1685,2,35,12
1686,2,35,12
1687,2,25,3
1688,1,18,4
1689,2,35,5
1690,2,35,16
1691,1,25,17
1692,2,35,20
1693,2,25,12
1694,2,25,12
1695,2,25,1
1696,2,35,7
1697,1,18,4
1698,2,35,2
1699,1,25,19
1700,2,25,20
1701,1,25,4
1702,2,18,10
1703,2,18,15
1704,2,25,4
1705,1,18,4
1706,2,25,20
1707,2,50,1
1708,2,25,0
1709,2,25,0
1710,2,18,0
1711,1,18,4
1712,2,25,0
1713,2,25,0
1714,2,25,17
1715,2,25,16
1716,2,25,0
1717,1,50,6
1718,2,18,4
1719,2,18,16
1720,2,18,4
1721,2,18,19
1722,2,35,0
1723,2,35,17
1724,2,18,4
1725,2,18,19
1726,2,25,2
1727,2,35,16
1728,2,18,4
1729,2,25,7
1730,1,18,4
1731,1,18,0
1732,2,18,4
1733,2,18,14
1734,2,45,17
1735,2,18,20
1736,2,56,8
1737,2,35,20
1738,2,35,16
1739,2,56,16
1740,2,56,1
1741,2,35,7
1742,2,25,15
1743,2,35,17
1744,2,35,12
1745,2,45,0
1746,2,25,4
1747,2,25,0
1748,2,50,1
1749,2,25,2
1750,2,50,5
1751,2,35,20
1752,2,25,3
1753,2,35,6
1754,2,18,19
1755,1,18,4
1756,1,25,1
1757,2,25,4
1758,1,25,0
1759,2,25,16
1760,1,25,3
1761,2,35,0
1762,2,25,14
1763,2,35,7
1764,2,18,0
1765,2,18,4
1766,1,45,0
1767,2,25,20
1768,2,45,16
1769,2,25,17
1770,2,35,16
1771,2,25,17
1772,2,56,2
1773,2,18,4
1774,2,25,17
1775,2,25,4
1776,2,25,0
1777,2,25,20
1778,2,18,4
1779,2,18,1
1780,2,35,1
1781,1,35,0
1782,2,45,0
1783,2,18,4
1784,2,18,20
1785,2,18,4
1786,2,45,1
1787,2,18,8
1788,2,45,2
1789,2,1,10
1790,2,25,0
1791,2,18,4
1792,1,25,2
1793,2,25,4
1794,2,25,11
1795,2,18,17
1796,2,50,11
1797,2,35,7
1798,2,45,11
1799,2,35,11
1800,2,18,4
1801,1,25,6
1802,2,18,4
1803,2,25,2
1804,2,25,7
1805,2,18,4
1806,2,18,4
1807,2,18,17
1808,1,18,4
1809,1,25,14
1810,2,50,13
1811,2,56,2
1812,1,25,12
1813,1,35,6
1814,2,50,7
1815,2,1,1
1816,1,35,9
1817,2,35,1
1818,2,1,8
1819,1,35,12
1820,2,25,20
1821,2,25,20
1822,1,25,0
1823,1,35,1
1824,1,18,4
1825,2,25,7
1826,2,45,11
1827,1,25,1
1828,2,18,4
1829,2,25,16
1830,2,18,4
1831,2,18,4
1832,1,18,4
1833,2,18,17
1834,2,35,5
1835,2,25,19
1836,2,25,0
1837,2,25,2
1838,2,35,7
1839,2,18,4
1840,2,25,12
1841,2,18,0
1842,2,18,4
1843,2,25,12
1844,1,18,4
1845,2,25,2
1846,2,45,12
1847,2,18,4
1848,2,35,5
1849,2,35,7
1850,2,18,5
1851,2,25,19
1852,2,25,12
1853,2,50,0
1854,2,25,0
1855,2,18,4
1856,2,56,7
1857,2,1,10
1858,1,18,4
1859,1,25,4
1860,2,56,16
1861,2,50,16
1862,2,50,14
1863,2,18,4
1864,2,35,7
1865,1,18,1
1866,2,25,7
1867,2,50,7
1868,2,50,11
1869,2,45,14
1870,2,56,13
1871,1,45,1
1872,2,50,20
1873,2,35,7
1874,2,45,7
1875,2,35,12
1876,2,25,12
1877,1,45,20
1878,2,1,10
1879,2,25,4
1880,2,35,0
1881,2,35,2
1882,2,35,16
1883,1,50,0
1884,2,45,20
1885,2,50,17
1886,2,25,12
1887,2,56,15
1888,2,35,12
1889,2,18,14
1890,2,50,6
1891,2,45,1
1892,2,25,20
1893,1,35,0
1894,1,35,7
1895,2,35,14
1896,2,56,13
1897,1,50,2
1898,2,25,12
1899,1,45,6
1900,2,56,12
1901,2,50,7
1902,2,25,19
1903,2,35,0
1904,2,18,1
1905,1,35,20
1906,1,25,5
1907,2,35,17
1908,2,56,13
1909,2,18,4
1910,2,1,10
1911,1,18,4
1912,2,25,4
1913,2,25,17
1914,1,35,14
1915,2,50,13
1916,2,45,7
1917,2,18,10
1918,1,45,6
1919,2,1,0
1920,1,35,7
1921,2,56,12
1922,1,25,7
1923,2,35,7
1924,1,56,6
1925,2,50,7
1926,1,1,0
1927,2,35,7
1928,2,1,10
1929,1,1,10
1930,2,25,15
1931,2,25,2
1932,2,25,7
1933,2,18,19
1934,2,25,17
1935,2,1,10
1936,2,35,0
1937,2,25,11
1938,1,25,2
1939,1,35,2
1940,2,25,12
1941,2,35,17
1942,2,35,5
1943,2,18,4
1944,1,18,4
1945,2,25,20
1946,2,25,14
1947,2,25,7
1948,2,1,10
1949,2,18,17
1950,2,25,12
1951,1,18,4
1952,2,35,1
1953,1,25,2
1954,2,25,16
1955,2,1,19
1956,2,35,0
1957,1,18,4
1958,1,25,1
1959,1,50,13
1960,2,45,7
1961,1,50,3
1962,1,18,1
1963,1,50,9
1964,1,25,6
1965,2,56,17
1966,2,25,20
1967,2,50,7
1968,2,25,11
1969,1,25,3
1970,2,50,13
1971,1,25,14
1972,2,45,17
1973,2,25,1
1974,2,35,17
1975,2,18,4
1976,2,35,5
1977,2,56,6
1978,2,1,10
1979,2,56,17
1980,2,35,7
1981,2,56,1
1982,2,1,10
1983,2,25,14
1984,2,18,10
1985,2,45,12
1986,2,50,13
1987,2,25,17
1988,1,25,1
1989,2,50,6
1990,2,25,7
1991,2,25,20
1992,2,18,4
1993,2,35,17
1994,2,35,2
1995,2,25,1
1996,2,35,0
1997,2,25,0
1998,1,50,9
1999,1,35,3
2000,2,18,4
2001,2,50,1
2002,1,56,13
2003,2,1,10
2004,2,45,19
2005,2,18,4
2006,2,35,0
2007,2,50,16
2008,2,25,3
2009,1,35,7
2010,2,18,4
2011,1,35,3
2012,2,25,4
2013,2,45,0
2014,2,18,4
2015,2,18,4
2016,1,56,2
2017,2,25,17
2018,2,35,16
2019,2,50,1
2020,2,25,7
2021,2,25,0
2022,2,25,7
2023,2,18,4
2024,2,1,19
2025,2,56,13
2026,2,50,16
2027,1,25,9
2028,2,45,6
2029,1,25,12
2030,2,25,4
2031,2,35,20
2032,2,50,14
2033,1,45,20
2034,1,45,2
2035,1,18,0
2036,1,25,14
2037,2,56,14
2038,1,45,1
2039,2,50,16
2040,1,25,7
2041,1,25,20
2042,2,1,10
2043,2,25,14
2044,1,45,0
2045,1,1,0
2046,2,35,1
2047,2,1,10
2048,2,50,6
2049,1,50,0
2050,1,35,3
2051,2,35,7
2052,2,1,10
2053,2,45,11
2054,2,25,12
2055,2,50,11
2056,2,25,4
2057,2,35,1
2058,1,56,1
2059,2,35,0
2060,2,1,1
2061,2,56,1
2062,2,18,4
2063,2,25,4
2064,2,35,1
2065,2,25,6
2066,1,25,6
2067,2,50,16
2068,1,35,12
2069,2,56,15
2070,1,35,6
2071,2,45,7
2072,1,50,12
2073,1,18,4
2074,2,18,4
2075,1,25,4
2076,2,18,4
2077,2,18,0
2078,2,18,4
2079,2,1,10
2080,2,25,11
2081,2,18,17
2082,2,1,19
2083,2,18,4
2084,2,18,4
2085,2,18,0
2086,2,35,14
2087,2,25,0
2088,2,50,7
2089,2,35,17
2090,2,35,17
2091,1,35,20
2092,2,56,1
2093,2,18,0
2094,2,35,2
2095,2,56,13
2096,1,25,17
2097,2,18,5
2098,2,35,20
2099,1,18,0
2100,1,25,0
2101,2,25,16
2102,2,25,11
2103,2,35,12
2104,2,45,15
2105,2,25,1
2106,1,18,20
2107,2,25,1
2108,2,1,10
2109,2,25,16
2110,2,50,11
2111,2,56,13
2112,1,45,12
2113,2,25,6
2114,2,18,18
2115,2,35,17
2116,2,18,4
2117,2,56,13
2118,2,25,14
2119,2,35,4
2120,2,1,0
2121,2,56,13
2122,2,35,12
2123,1,35,0
2124,2,25,0
2125,2,35,3
2126,2,56,14
2127,2,18,4
2128,1,45,1
2129,2,25,5
2130,2,45,0
2131,2,25,0
2132,2,56,14
2133,1,1,10
2134,2,18,10
2135,2,50,1
2136,2,35,18
2137,1,1,10
2138,1,18,4
2139,1,50,3
2140,2,45,14
2141,1,50,16
2142,1,45,14
2143,2,18,4
2144,2,18,0
2145,2,18,10
2146,2,18,2
2147,1,18,0
2148,1,18,0
2149,2,25,0
2150,1,18,4
2151,2,56,13
2152,2,18,4
2153,2,18,16
2154,2,25,12
2155,1,1,10
2156,2,18,19
2157,1,18,3
2158,2,25,12
2159,1,50,14
2160,1,18,19
2161,1,35,2
2162,1,1,10
2163,2,18,0
2164,2,35,0
2165,2,25,7
2166,2,1,10
2167,1,25,6
2168,2,1,10
2169,2,1,0
2170,1,50,16
2171,2,35,0
2172,2,18,20
2173,2,50,13
2174,2,50,12
2175,2,25,4
2176,2,1,19
2177,1,35,20
2178,2,45,14
2179,1,25,0
2180,2,25,12
2181,2,25,0
2182,1,25,4
2183,1,56,1
2184,2,18,4
2185,2,45,17
2186,2,18,5
2187,2,45,16
2188,1,18,19
2189,2,1,10
2190,1,25,15
2191,2,18,4
2192,1,25,0
2193,2,1,10
2194,2,25,17
2195,2,1,10
2196,2,25,12
2197,1,25,1
2198,1,35,9
2199,2,1,10
2200,2,35,1
2201,2,56,20
2202,1,1,10
2203,2,45,12
2204,2,56,3
2205,1,25,7
2206,2,45,7
2207,2,18,4
2208,2,25,0
2209,2,35,7
2210,2,45,17
2211,2,45,6
2212,2,18,4
2213,1,25,0
2214,1,25,1
2215,1,25,0
2216,1,25,20
2217,2,1,10
2218,2,35,17
2219,2,25,6
2220,1,50,3
2221,2,56,17
2222,1,45,1
2223,2,25,2
2224,2,25,12
2225,2,25,5
2226,1,25,7
2227,2,50,14
2228,2,25,12
2229,2,45,0
2230,1,45,1
2231,2,50,11
2232,2,25,14
2233,1,35,3
2234,2,56,1
2235,2,1,10
2236,2,1,10
2237,1,35,6
2238,1,25,4
2239,2,18,10
2240,2,45,12
2241,2,45,5
2242,2,18,4
2243,2,45,2
2244,2,1,10
2245,2,1,10
2246,2,25,0
2247,2,45,2
2248,1,35,12
2249,2,25,5
2250,2,18,19
2251,2,35,14
2252,1,18,1
2253,1,50,0
2254,2,35,5
2255,1,35,6
2256,1,45,15
2257,1,18,4
2258,1,18,4
2259,1,56,16
2260,1,25,20
2261,2,25,5
2262,2,45,17
2263,2,25,6
2264,1,45,7
2265,2,56,13
2266,1,50,2
2267,1,56,13
2268,1,35,1
2269,1,45,0
2270,2,18,1
2271,2,50,14
2272,2,25,0
2273,2,25,6
2274,2,18,2
2275,2,56,7
2276,2,56,13
2277,1,45,9
2278,2,50,17
2279,2,50,7
2280,2,56,6
2281,2,45,11
2282,2,50,2
2283,2,35,18
2284,2,25,20
2285,1,1,10
2286,2,35,17
2287,2,56,0
2288,2,1,10
2289,1,50,1
2290,2,25,0
2291,2,45,1
2292,2,50,15
2293,1,56,3
2294,2,56,13
2295,2,45,11
2296,1,25,6
2297,2,56,13
2298,2,35,17
2299,1,18,10
2300,2,56,13
2301,1,25,12
2302,2,50,12
2303,2,50,17
2304,2,45,12
2305,2,50,20
2306,1,18,4
2307,2,25,17
2308,1,45,16
2309,1,45,0
2310,2,45,12
2311,1,25,4
2312,2,45,0
2313,1,50,6
2314,1,25,1
2315,2,56,7
2316,2,35,0
2317,1,45,9
2318,2,56,7
2319,2,35,7
2320,1,50,1
2321,2,25,7
2322,1,56,13
2323,2,35,3
2324,2,35,17
2325,1,18,4
2326,2,18,4
2327,2,18,10
2328,2,56,7
2329,1,56,15
2330,2,45,7
2331,2,56,1
2332,2,56,14
2333,2,50,6
2334,1,56,7
2335,2,50,17
2336,2,35,18
2337,2,35,17
2338,2,45,17
2339,1,56,3
2340,2,35,2
2341,2,56,1
2342,2,35,3
2343,1,45,1
2344,2,25,12
2345,2,35,16
2346,1,1,10
2347,2,35,1
2348,2,50,12
2349,2,25,8
2350,2,18,4
2351,1,25,0
2352,2,50,13
2353,1,35,9
2354,2,35,11
2355,1,45,9
2356,1,50,16
2357,1,35,14
2358,1,56,6
2359,2,56,13
2360,2,50,6
2361,2,56,7
2362,2,25,14
2363,2,50,14
2364,1,56,9
2365,2,50,7
2366,1,45,16
2367,1,25,9
2368,1,56,13
2369,2,35,14
2370,2,50,1
2371,1,35,7
2372,1,45,7
2373,2,45,7
2374,2,25,14
2375,1,50,7
2376,2,25,1
2377,2,35,0
2378,2,25,3
2379,2,18,18
2380,2,25,4
2381,1,35,9
2382,2,50,13
2383,1,25,14
2384,2,35,17
2385,1,45,2
2386,1,25,0
2387,2,25,17
2388,2,56,5
2389,2,25,16
2390,1,25,6
2391,2,50,18
2392,1,56,3
2393,2,56,13
2394,2,35,6
2395,2,35,7
2396,1,18,0
2397,1,35,11
2398,2,25,0
2399,2,35,17
2400,1,25,16
2401,2,25,4
2402,2,45,17
2403,2,18,4
2404,2,18,7
2405,2,50,8
2406,1,56,12
2407,2,35,16
2408,1,45,1
2409,1,35,9
2410,2,56,7
2411,1,35,14
2412,2,56,13
2413,1,56,7
2414,2,25,1
2415,2,25,7
2416,2,45,7
2417,2,45,1
2418,1,1,10
2419,2,25,0
2420,2,50,7
2421,2,35,7
2422,1,50,9
2423,1,45,9
2424,2,25,17
2425,1,35,14
2426,2,56,0
2427,1,25,14
2428,2,45,17
2429,2,25,2
2430,2,25,4
2431,1,25,4
2432,2,25,4
2433,2,25,4
2434,2,25,4
2435,2,25,4
2436,2,25,7
2437,2,25,4
2438,2,35,1
2439,2,45,17
2440,2,50,17
2441,1,45,6
2442,2,35,17
2443,1,35,0
2444,1,45,4
2445,2,25,0
2446,2,18,7
2447,2,25,14
2448,2,35,6
2449,2,56,13
2450,2,45,16
2451,2,45,12
2452,2,45,7
2453,2,25,7
2454,2,18,0
2455,2,35,7
2456,2,25,5
2457,2,25,0
2458,2,25,7
2459,2,50,7
2460,1,50,1
2461,2,18,4
2462,2,35,1
2463,2,25,7
2464,1,18,4
2465,2,50,6
2466,2,25,15
2467,2,1,10
2468,2,50,1
2469,2,25,4
2470,2,35,18
2471,2,50,13
2472,2,25,18
2473,2,25,12
2474,2,25,12
2475,1,25,18
2476,2,50,12
2477,2,45,0
2478,2,50,1
2479,1,25,1
2480,1,18,20
2481,2,35,14
2482,1,50,3
2483,2,56,13
2484,2,45,5
2485,2,35,14
2486,2,18,12
2487,2,45,7
2488,1,45,2
2489,1,35,9
2490,2,25,12
2491,2,35,7
2492,1,45,2
2493,2,45,2
2494,2,18,4
2495,1,18,4
2496,2,50,1
2497,1,50,14
2498,2,56,18
2499,2,50,0
2500,2,56,1
2501,2,25,15
2502,2,56,13
2503,2,35,17
2504,2,25,7
2505,2,25,7
2506,1,25,14
2507,2,25,4
2508,1,35,3
2509,2,25,5
2510,2,25,7
2511,2,25,7
2512,1,45,14
2513,2,56,1
2514,2,56,14
2515,2,45,12
2516,1,45,6
2517,1,35,9
2518,2,25,7
2519,1,45,2
2520,1,56,2
2521,2,35,17
2522,2,18,11
2523,2,25,17
2524,1,56,9
2525,1,35,1
2526,2,56,13
2527,2,35,15
2528,2,56,0
2529,1,35,9
2530,2,18,0
2531,1,45,7
2532,1,56,13
2533,1,25,3
2534,1,50,6
2535,1,56,2
2536,2,56,13
2537,2,35,11
2538,2,56,13
2539,2,35,7
2540,1,45,6
2541,1,35,5
2542,1,45,13
2543,1,35,0
2544,2,45,1
2545,2,56,13
2546,1,56,13
2547,1,35,0
2548,1,35,6
2549,2,56,13
2550,2,50,7
2551,2,25,12
2552,1,25,9
2553,2,25,7
2554,2,25,1
2555,2,56,7
2556,2,25,4
2557,1,18,19
2558,2,56,17
2559,2,18,10
2560,1,45,6
2561,2,25,15
2562,2,18,0
2563,2,45,13
2564,1,35,20
2565,2,35,5
2566,2,35,17
2567,2,25,0
2568,2,25,17
2569,2,45,0
2570,1,56,14
2571,2,35,17
2572,2,35,14
2573,2,45,16
2574,2,50,6
2575,2,35,7
2576,2,18,17
2577,2,25,7
2578,2,50,7
2579,2,35,15
2580,1,45,1
2581,2,25,11
2582,1,25,1
2583,2,35,7
2584,1,56,1
2585,2,45,15
2586,2,25,20
2587,2,35,7
2588,1,56,13
2589,2,25,0
2590,2,18,4
2591,2,18,1
2592,2,50,7
2593,2,56,16
2594,2,35,7
2595,2,18,4
2596,2,50,7
2597,1,50,0
2598,2,25,17
2599,2,25,12
2600,2,25,14
2601,2,35,16
2602,2,45,12
2603,2,25,17
2604,2,25,0
2605,2,35,7
2606,2,50,7
2607,1,56,0
2608,1,25,1
2609,1,50,12
2610,2,45,7
2611,2,25,3
2612,1,45,3
2613,2,35,1
2614,2,25,7
2615,2,25,7
2616,2,35,7
2617,1,45,15
2618,1,18,4
2619,2,35,12
2620,2,18,4
2621,2,18,0
2622,1,35,6
2623,2,56,1
2624,1,35,0
2625,2,35,7
2626,2,56,1
2627,2,25,1
2628,1,25,2
2629,2,25,11
2630,1,18,5
2631,1,50,1
2632,2,56,0
2633,1,35,9
2634,2,56,1
2635,2,35,0
2636,2,18,12
2637,1,35,20
2638,2,25,14
2639,1,25,6
2640,2,35,12
2641,2,25,6
2642,2,25,0
2643,2,45,17
2644,2,18,15
2645,2,25,7
2646,2,45,17
2647,1,35,11
2648,2,25,17
2649,2,25,16
2650,2,45,7
2651,2,56,14
2652,2,35,20
2653,2,25,7
2654,1,35,9
2655,2,35,7
2656,2,56,13
2657,1,1,10
2658,2,25,7
2659,2,35,14
2660,2,56,17
2661,2,56,13
2662,2,25,17
2663,1,25,4
2664,2,35,7
2665,2,35,11
2666,2,45,16
2667,1,35,6
2668,1,25,4
2669,2,45,0
2670,2,35,6
2671,1,35,12
2672,2,35,7
2673,2,35,7
2674,2,25,4
2675,2,35,18
2676,2,56,20
2677,1,35,7
2678,2,25,6
2679,1,18,4
2680,2,25,12
2681,1,25,4
2682,2,18,4
2683,2,35,7
2684,1,18,0
2685,2,45,7
2686,2,25,0
2687,2,1,10
2688,2,25,17
2689,2,25,12
2690,2,25,7
2691,2,18,4
2692,1,18,4
2693,2,56,13
2694,2,18,4
2695,2,35,11
2696,2,25,7
2697,1,50,17
2698,1,25,2
2699,1,56,13
2700,2,25,7
2701,2,45,1
2702,2,45,6
2703,2,35,11
2704,2,56,13
2705,2,25,1
2706,1,25,1
2707,2,56,13
2708,2,25,7
2709,1,25,0
2710,2,35,17
2711,1,25,4
2712,1,18,19
2713,2,25,7
2714,2,18,4
2715,1,50,4
2716,1,50,4
2717,2,25,4
2718,1,25,4
2719,2,25,12
2720,2,35,0
2721,2,45,14
2722,2,35,7
2723,1,25,9
2724,1,45,2
2725,2,35,7
2726,2,45,11
2727,2,25,11
2728,2,35,12
2729,2,50,7
2730,2,35,11
2731,2,35,7
2732,2,45,17
2733,2,45,17
2734,1,18,4
2735,2,25,7
2736,2,45,12
2737,2,25,3
2738,1,50,2
2739,1,35,7
2740,2,45,17
2741,2,25,14
2742,2,25,17
2743,2,25,14
2744,2,18,17
2745,1,35,1
2746,2,50,14
2747,1,18,4
2748,2,25,4
2749,2,25,12
2750,1,25,15
2751,1,25,16
2752,2,25,15
2753,1,50,20
2754,2,50,12
2755,2,35,7
2756,2,18,4
2757,2,25,2
2758,2,56,8
2759,2,25,7
2760,2,56,0
2761,2,35,6
2762,2,50,16
2763,1,18,4
2764,2,25,7
2765,2,50,7
2766,2,45,7
2767,2,25,0
2768,2,25,17
2769,2,25,7
2770,2,35,1
2771,2,18,1
2772,2,35,17
2773,2,35,2
2774,2,25,1
2775,1,18,4
2776,2,25,14
2777,2,18,4
2778,2,56,13
2779,2,35,7
2780,2,25,17
2781,2,35,4
2782,1,18,4
2783,2,45,17
2784,2,50,20
2785,2,56,13
2786,2,25,4
2787,2,25,4
2788,2,56,1
2789,2,18,4
2790,2,25,20
2791,2,56,7
2792,2,18,4
2793,2,35,7
2794,2,25,2
2795,2,50,13
2796,2,25,14
2797,1,25,7
2798,2,35,20
2799,2,18,0
2800,1,18,4
2801,1,25,3
2802,2,35,20
2803,2,25,7
2804,1,35,0
2805,2,56,19
2806,2,1,10
2807,1,35,11
2808,2,56,16
2809,2,25,7
2810,1,1,10
2811,2,25,19
2812,2,25,17
2813,2,25,20
2814,2,35,7
2815,2,35,17
2816,2,25,7
2817,2,35,12
2818,2,25,12
2819,2,45,14
2820,1,35,0
2821,2,18,20
2822,2,50,7
2823,2,25,4
2824,2,18,4
2825,1,25,20
2826,2,35,12
2827,2,25,17
2828,2,18,4
2829,2,45,20
2830,2,35,7
2831,2,25,0
2832,2,25,17
2833,2,25,15
2834,2,35,1
2835,2,35,20
2836,2,25,12
2837,2,18,0
2838,2,18,1
2839,2,25,17
2840,2,25,0
2841,2,50,12
2842,2,35,17
2843,1,25,4
2844,2,25,20
2845,2,25,4
2846,1,18,4
2847,2,18,4
2848,2,25,0
2849,2,45,11
2850,2,18,20
2851,1,25,7
2852,2,25,12
2853,2,1,1
2854,1,18,4
2855,2,25,4
2856,2,35,11
2857,2,25,0
2858,1,1,10
2859,2,18,1
2860,2,35,17
2861,2,25,15
2862,2,45,7
2863,1,25,2
2864,1,35,3
2865,1,25,6
2866,2,25,7
2867,2,45,17
2868,2,35,12
2869,2,50,17
2870,2,50,18
2871,1,25,14
2872,2,25,20
2873,1,18,4
2874,1,35,20
2875,2,25,2
2876,2,25,17
2877,2,35,1
2878,1,50,20
2879,2,18,4
2880,2,18,12
2881,1,25,12
2882,2,18,20
2883,2,18,20
2884,1,50,3
2885,1,18,1
2886,2,18,4
2887,2,25,3
2888,2,25,14
2889,2,35,3
2890,2,35,7
2891,1,18,4
2892,2,25,4
2893,2,25,1
2894,2,18,4
2895,2,25,11
2896,2,18,14
2897,2,25,5
2898,2,18,4
2899,2,35,14
2900,2,18,12
2901,2,25,17
2902,2,25,12
2903,2,25,16
2904,2,25,4
2905,2,35,17
2906,2,35,19
2907,1,35,5
2908,2,18,2
2909,2,25,7
2910,2,1,19
2911,1,25,4
2912,1,18,4
2913,1,35,20
2914,2,25,4
2915,2,25,7
2916,2,45,2
2917,2,25,0
2918,2,25,12
2919,2,18,17
2920,2,25,2
2921,2,50,1
2922,2,25,17
2923,2,35,12
2924,1,18,4
2925,1,25,4
2926,1,18,2
2927,2,25,12
2928,2,25,2
2929,2,18,2
2930,2,50,17
2931,2,18,4
2932,2,25,12
2933,2,35,11
2934,1,35,20
2935,2,25,0
2936,1,18,4
2937,1,18,4
2938,1,25,0
2939,1,25,15
2940,2,25,0
2941,2,35,12
2942,1,50,1
2943,2,35,12
2944,1,18,4
2945,1,35,17
2946,2,35,16
2947,1,25,0
2948,2,18,14
2949,2,25,17
2950,2,18,0
2951,1,35,14
2952,2,25,4
2953,2,25,20
2954,2,18,2
2955,2,35,14
2956,2,25,12
2957,2,18,4
2958,2,25,7
2959,2,35,17
2960,2,18,4
2961,2,50,17
2962,2,35,3
2963,1,18,4
2964,2,25,17
2965,1,35,4
2966,1,25,4
2967,2,25,0
2968,1,18,0
2969,2,25,7
2970,2,18,4
2971,2,25,4
2972,2,25,4
2973,1,18,4
2974,2,18,4
2975,2,35,11
2976,2,18,20
2977,1,18,4
2978,2,35,20
2979,2,35,2
2980,2,45,7
2981,2,45,6
2982,2,25,4
2983,2,18,4
2984,2,25,4
2985,2,18,4
2986,2,25,4
2987,2,18,4
2988,1,18,6
2989,2,35,12
2990,2,35,12
2991,2,50,1
2992,2,18,4
2993,2,18,19
2994,2,35,5
2995,2,25,15
2996,2,18,0
2997,1,35,16
2998,1,25,1
2999,2,25,7
3000,2,25,4
3001,2,18,4
3002,2,45,11
3003,2,18,15
3004,1,18,4
3005,2,25,17
3006,2,18,4
3007,2,35,0
3008,2,18,4
3009,1,35,3
3010,2,25,12
3011,2,25,1
3012,2,25,12
3013,2,45,17
3014,2,35,7
3015,2,56,6
3016,2,18,12
3017,1,35,9
3018,2,35,0
3019,2,50,12
3020,1,35,7
3021,1,45,15
3022,2,25,17
3023,1,25,7
3024,2,35,17
3025,1,35,0
3026,1,18,4
3027,2,18,4
3028,2,1,10
3029,2,18,4
3030,2,35,1
3031,2,18,4
3032,2,25,0
3033,2,18,4
3034,1,18,1
3035,1,25,7
3036,2,56,13
3037,1,25,2
3038,1,35,2
3039,1,50,3
3040,2,25,8
3041,2,25,4
3042,2,56,1
3043,2,18,2
3044,2,35,16
3045,2,45,1
3046,2,1,4
3047,1,25,4
3048,2,18,2
3049,1,50,0
3050,2,35,12
3051,2,18,17
3052,2,35,12
3053,1,25,3
3054,2,18,4
3055,1,25,3
3056,2,25,18
3057,1,25,12
3058,2,18,12
3059,2,35,0
3060,1,35,1
3061,2,45,2
3062,2,18,4
3063,2,18,4
3064,2,35,17
3065,1,18,4
3066,2,18,4
3067,1,25,0
3068,1,35,9
3069,2,18,4
3070,1,18,4
3071,2,25,1
3072,2,50,1
3073,2,25,0
3074,2,25,0
3075,1,25,11
3076,2,35,17
3077,2,18,4
3078,1,35,1
3079,1,25,1
3080,2,25,20
3081,2,25,7
3082,1,35,6
3083,1,50,0
3084,2,25,16
3085,2,25,4
3086,2,18,12
3087,1,1,1
3088,1,25,4
3089,2,45,16
3090,2,25,2
3091,1,25,0
3092,2,35,15
3093,1,45,20
3094,2,35,0
3095,1,25,3
3096,1,45,3
3097,1,25,5
3098,2,25,4
3099,2,25,17
3100,1,25,6
3101,2,18,15
3102,2,25,12
3103,2,25,20
3104,2,18,17
3105,2,35,12
3106,2,25,0
3107,2,25,17
3108,2,50,6
3109,1,25,11
3110,2,25,0
3111,2,18,4
3112,2,18,12
3113,2,25,10
3114,2,18,5
3115,2,35,17
3116,2,25,12
3117,2,35,0
3118,2,25,0
3119,2,45,1
3120,2,18,4
3121,2,25,2
3122,1,25,7
3123,2,25,2
3124,2,25,12
3125,2,25,7
3126,2,25,2
3127,1,25,0
3128,2,18,2
3129,2,25,7
3130,2,25,7
3131,1,25,2
3132,2,35,7
3133,2,18,4
3134,2,18,4
3135,2,25,15
3136,1,25,4
3137,2,25,11
3138,2,35,17
3139,2,56,13
3140,1,25,4
3141,2,25,14
3142,2,25,20
3143,1,50,16
3144,1,25,7
3145,2,18,4
3146,2,25,0
3147,2,25,14
3148,2,18,20
3149,2,18,4
3150,1,25,3
3151,1,25,0
3152,2,18,4
3153,1,25,4
3154,1,25,4
3155,2,25,7
3156,2,35,7
3157,2,25,12
3158,2,25,15
3159,1,25,15
3160,2,25,17
3161,2,25,7
3162,2,25,1
3163,2,18,15
3164,2,18,12
3165,2,35,7
3166,2,18,4
3167,2,25,2
3168,1,35,5
3169,2,50,0
3170,2,25,0
3171,1,50,3
3172,2,18,12
3173,2,25,12
3174,1,18,14
3175,2,35,16
3176,2,25,17
3177,1,25,6
3178,1,35,5
3179,1,18,20
3180,2,25,14
3181,2,25,12
3182,2,25,12
3183,2,50,7
3184,1,25,18
3185,2,18,7
3186,2,50,1
3187,2,35,12
3188,2,56,13
3189,2,25,16
3190,2,1,17
3191,2,25,12
3192,2,18,4
3193,2,25,0
3194,2,25,15
3195,2,18,4
3196,1,18,4
3197,1,18,14
3198,2,25,12
3199,2,18,0
3200,1,25,1
3201,2,45,7
3202,1,18,4
3203,2,35,0
3204,2,45,16
3205,1,35,16
3206,2,18,20
3207,2,35,7
3208,2,25,14
3209,2,25,0
3210,1,45,0
3211,2,50,16
3212,1,25,17
3213,1,25,1
3214,1,56,7
3215,1,50,13
3216,2,35,1
3217,1,35,0
3218,2,56,6
3219,1,18,4
3220,2,35,7
3221,2,25,0
3222,2,35,7
3223,2,25,20
3224,1,25,14
3225,2,18,0
3226,2,35,4
3227,1,25,14
3228,2,25,14
3229,1,56,1
3230,2,35,16
3231,2,25,7
3232,2,35,12
3233,2,50,2
3234,1,1,0
3235,2,18,4
3236,2,18,15
3237,2,35,7
3238,2,35,7
3239,1,25,12
3240,2,18,4
3241,1,50,0
3242,2,50,13
3243,2,25,12
3244,1,18,4
3245,2,18,2
3246,1,35,1
3247,2,35,15
3248,1,25,7
3249,1,25,4
3250,2,25,4
3251,2,35,17
3252,2,50,0
3253,1,35,4
3254,1,35,6
3255,1,25,15
3256,2,25,15
3257,2,25,14
3258,2,45,6
3259,1,18,4
3260,2,25,4
3261,2,45,20
3262,2,25,14
3263,2,50,11
3264,1,25,1
3265,2,25,15
3266,1,25,4
3267,2,25,4
3268,2,25,12
3269,1,18,20
3270,2,18,11
3271,1,35,0
3272,2,35,0
3273,2,35,7
3274,2,25,20
3275,2,35,7
3276,2,25,20
3277,2,25,17
3278,2,35,7
3279,2,45,15
3280,2,25,7
3281,2,25,17
3282,2,45,3
3283,2,35,16
3284,2,25,6
3285,2,25,4
3286,1,35,7
3287,2,56,13
3288,2,25,14
3289,2,45,6
3290,2,25,14
3291,1,25,7
3292,1,50,6
3293,2,45,14
3294,2,18,4
3295,2,18,18
3296,2,18,14
3297,2,18,4
3298,2,1,10
3299,1,25,4
3300,2,35,5
3301,1,25,2
3302,2,25,17
3303,2,56,17
3304,1,45,5
3305,2,56,20
3306,2,45,14
3307,2,50,6
3308,1,18,20
3309,2,25,17
3310,2,45,14
3311,2,25,4
3312,1,18,4
3313,2,35,20
3314,2,25,7
3315,2,25,12
3316,2,1,19
3317,2,25,4
3318,2,56,13
3319,1,56,13
3320,2,25,1
3321,2,35,1
3322,1,18,4
3323,2,35,14
3324,2,35,17
3325,1,35,14
3326,2,45,7
3327,2,18,12
3328,2,56,19
3329,2,50,18
3330,1,35,1
3331,1,25,7
3332,2,25,7
3333,2,18,16
3334,2,35,0
3335,2,25,0
3336,2,35,17
3337,2,25,4
3338,2,45,16
3339,2,25,17
3340,2,45,16
3341,2,25,20
3342,1,25,5
3343,1,18,4
3344,2,35,0
3345,2,25,7
3346,2,35,7
3347,1,35,7
3348,2,45,16
3349,1,18,4
3350,1,18,0
3351,1,18,5
3352,2,35,0
3353,2,35,17
3354,2,25,7
3355,2,25,1
3356,2,35,7
3357,2,25,18
3358,1,25,1
3359,2,25,20
3360,1,25,0
3361,2,25,4
3362,1,25,0
3363,1,35,9
3364,2,56,13
3365,2,50,17
3366,2,35,14
3367,2,50,16
3368,2,25,14
3369,2,45,18
3370,2,18,4
3371,2,25,2
3372,2,56,13
3373,2,18,16
3374,2,35,5
3375,2,25,4
3376,2,35,16
3377,2,25,17
3378,2,18,4
3379,2,35,1
3380,2,50,0
3381,2,25,0
3382,1,1,10
3383,2,56,16
3384,2,35,7
3385,1,25,9
3386,2,18,4
3387,2,18,1
3388,1,25,1
3389,2,18,0
3390,1,45,20
3391,2,18,4
3392,2,50,6
3393,2,35,12
3394,2,35,7
3395,2,25,7
3396,2,25,12
3397,2,25,5
3398,2,18,20
3399,2,25,4
3400,2,25,14
3401,2,35,7
3402,2,35,20
3403,2,35,5
3404,2,25,8
3405,2,35,14
3406,1,25,7
3407,1,45,5
3408,2,25,17
3409,2,25,4
3410,2,35,1
3411,2,18,4
3412,2,25,18
3413,1,25,17
3414,2,25,17
3415,2,35,7
3416,2,25,12
3417,1,18,2
3418,1,18,3
3419,2,45,1
3420,1,25,7
3421,2,45,7
3422,2,25,5
3423,2,25,7
3424,2,25,6
3425,2,18,20
3426,2,25,20
3427,2,25,14
3428,2,45,1
3429,1,25,7
3430,1,45,1
3431,1,45,6
3432,2,25,12
3433,2,18,12
3434,2,18,4
3435,2,45,1
3436,2,35,0
3437,1,25,0
3438,1,25,0
3439,2,18,17
3440,2,56,17
3441,1,25,14
3442,2,18,12
3443,1,35,17
3444,2,50,14
3445,1,35,20
3446,2,25,7
3447,2,25,12
3448,1,18,3
3449,2,25,14
3450,2,25,5
3451,1,25,11
3452,2,25,14
3453,2,35,7
3454,2,18,0
3455,1,25,0
3456,2,25,17
3457,2,25,20
3458,2,45,0
3459,2,18,4
3460,2,1,4
3461,2,35,0
3462,1,25,4
3463,2,25,15
3464,1,25,14
3465,2,25,14
3466,2,25,14
3467,2,25,14
3468,2,25,20
3469,2,45,17
3470,2,35,17
3471,2,18,4
3472,2,25,6
3473,1,35,16
3474,2,35,11
3475,2,25,14
3476,2,50,0
3477,1,50,1
3478,2,25,7
3479,2,18,4
3480,2,25,0
3481,2,18,4
3482,2,50,17
3483,1,45,7
3484,2,18,4
3485,2,25,0
3486,1,18,0
3487,2,18,4
3488,2,45,17
3489,2,18,4
3490,2,25,0
3491,2,25,16
3492,2,35,7
3493,2,25,17
3494,2,25,1
3495,2,18,4
3496,2,35,5
3497,1,35,2
3498,2,25,17
3499,2,25,3
3500,2,35,7
3501,1,35,7
3502,1,18,7
3503,2,18,4
3504,2,18,7
3505,1,25,15
3506,2,18,12
3507,2,25,0
3508,2,18,4
3509,2,18,4
3510,1,18,4
3511,2,50,0
3512,2,18,17
3513,2,25,16
3514,2,18,12
3515,2,35,3
3516,2,18,4
3517,2,18,12
3518,1,18,7
3519,1,25,14
3520,2,25,0
3521,2,25,0
3522,2,18,0
3523,2,35,7
3524,1,25,0
3525,1,18,4
3526,2,35,2
3527,2,25,0
3528,2,35,5
3529,1,45,1
3530,2,25,0
3531,1,25,11
3532,1,35,14
3533,2,25,2
3534,2,35,17
3535,2,45,18
3536,2,18,4
3537,2,1,10
3538,2,35,0
3539,1,25,4
3540,2,18,17
3541,2,25,3
3542,2,25,15
3543,2,25,17
3544,1,25,4
3545,2,35,12
3546,2,25,20
3547,2,35,16
3548,2,45,7
3549,1,35,7
3550,2,25,5
3551,1,56,0
3552,1,35,2
3553,2,35,16
3554,2,25,15
3555,2,56,7
3556,2,25,17
3557,2,18,5
3558,2,18,17
3559,2,18,4
3560,1,25,6
3561,2,35,14
3562,1,25,6
3563,2,25,2
3564,2,25,11
3565,2,25,18
3566,2,45,0
3567,2,25,14
3568,2,25,0
3569,1,18,2
3570,2,35,12
3571,2,18,4
3572,2,35,11
3573,2,1,10
3574,1,35,6
3575,2,25,18
3576,2,50,7
3577,1,56,0
3578,2,50,3
3579,2,18,0
3580,1,18,3
3581,2,18,1
3582,1,35,0
3583,1,25,9
3584,2,18,0
3585,2,35,20
3586,2,35,20
3587,2,35,3
3588,2,25,2
3589,1,45,0
3590,1,18,15
3591,2,35,6
3592,1,56,2
3593,1,25,9
3594,2,1,0
3595,2,25,0
3596,1,35,4
3597,2,25,17
3598,2,56,1
3599,2,25,16
3600,2,35,20
3601,1,35,3
3602,2,25,12
3603,1,35,7
3604,1,1,10
3605,2,18,12
3606,1,25,15
3607,2,35,17
3608,1,35,9
3609,1,25,17
3610,2,18,6
3611,2,25,2
3612,2,25,14
3613,2,25,0
3614,2,25,0
3615,2,25,17
3616,2,45,0
3617,2,35,7
3618,2,56,17
3619,2,50,16
3620,2,25,7
3621,2,18,4
3622,2,18,1
3623,2,35,11
3624,2,25,12
3625,2,18,10
3626,2,25,17
3627,1,35,1
3628,2,25,7
3629,1,50,7
3630,2,18,4
3631,2,18,4
3632,2,50,11
3633,2,35,18
3634,2,50,1
3635,2,50,1
3636,2,25,0
3637,2,25,6
3638,2,25,2
3639,2,18,4
3640,2,35,7
3641,2,25,0
3642,1,25,7
3643,2,25,17
3644,1,25,11
3645,2,35,17
3646,2,35,20
3647,2,25,7
3648,2,18,4
3649,1,25,0
3650,2,25,0
3651,2,25,14
3652,2,25,12
3653,2,18,15
3654,2,25,17
3655,1,25,7
3656,1,45,5
3657,2,18,17
3658,1,25,7
3659,2,18,4
3660,2,35,7
3661,2,35,12
3662,2,35,16
3663,1,35,9
3664,1,35,1
3665,2,25,0
3666,2,45,0
3667,1,1,10
3668,1,45,7
3669,2,25,14
3670,2,45,14
3671,2,25,4
3672,2,35,5
3673,2,25,2
3674,2,25,20
3675,2,35,7
3676,1,35,12
3677,1,25,12
3678,2,25,0
3679,2,25,4
3680,1,25,1
3681,2,25,7
3682,1,50,1
3683,2,25,2
3684,2,25,17
3685,2,25,5
3686,2,25,7
3687,1,50,1
3688,2,18,6
3689,2,25,0
3690,2,18,0
3691,2,25,7
3692,2,35,17
3693,2,25,15
3694,2,25,12
3695,2,25,2
3696,2,35,7
3697,2,25,15
3698,2,25,7
3699,1,56,3
3700,2,25,14
3701,2,35,1
3702,2,35,15
3703,2,18,12
3704,1,35,0
3705,2,45,7
3706,2,25,12
3707,1,18,0
3708,2,56,7
3709,2,25,12
3710,2,1,10
3711,2,35,0
3712,2,25,17
3713,1,25,7
3714,2,25,17
3715,2,18,5
3716,2,18,12
3717,2,35,17
3718,2,50,17
3719,2,25,1
3720,2,45,7
3721,2,25,15
3722,2,25,18
3723,2,25,14
3724,2,35,6
3725,2,18,4
3726,2,25,17
3727,2,35,7
3728,2,18,4
3729,2,18,4
3730,2,25,1
3731,2,25,17
3732,2,25,17
3733,2,18,4
3734,2,18,4
3735,2,25,0
3736,2,35,1
3737,2,25,14
3738,2,45,7
3739,2,56,11
3740,2,18,5
3741,2,25,0
3742,2,25,0
3743,1,35,7
3744,2,25,0
3745,1,25,9
3746,2,25,5
3747,2,45,13
3748,2,18,4
3749,1,25,0
3750,1,18,4
3751,1,35,12
3752,1,18,1
3753,2,25,7
3754,2,56,7
3755,1,50,14
3756,2,18,12
3757,2,25,7
3758,1,35,5
3759,2,35,6
3760,2,50,0
3761,2,25,17
3762,2,50,6
3763,2,25,2
3764,2,25,1
3765,1,50,3
3766,1,18,1
3767,2,25,0
3768,2,25,4
3769,2,25,15
3770,1,35,3
3771,2,25,1
3772,2,35,17
3773,2,35,6
3774,2,25,0
3775,2,35,12
3776,1,25,4
3777,2,18,4
3778,2,25,0
3779,1,45,2
3780,2,1,0
3781,1,56,11
3782,1,25,0
3783,2,25,7
3784,1,25,1
3785,1,25,20
3786,1,25,0
3787,1,25,0
3788,1,18,0
3789,1,25,0
3790,1,25,17
3791,2,50,18
3792,2,25,6
3793,2,18,4
3794,1,18,4
3795,1,18,4
3796,2,45,14
3797,2,25,7
3798,2,25,7
3799,2,18,0
3800,2,18,1
3801,2,18,12
3802,2,18,0
3803,1,35,9
3804,2,25,6
3805,1,35,1
3806,2,18,4
3807,1,35,19
3808,2,25,7
3809,2,35,6
3810,2,50,7
3811,2,25,15
3812,2,35,17
3813,2,35,7
3814,2,25,15
3815,2,25,17
3816,1,25,3
3817,2,35,3
3818,2,45,17
3819,2,25,12
3820,2,25,17
3821,2,25,20
3822,2,45,20
3823,2,56,7
3824,2,25,17
3825,2,18,1
3826,2,25,1
3827,2,50,2
3828,2,25,20
3829,1,25,1
3830,2,18,4
3831,1,18,6
3832,1,25,7
3833,2,25,1
3834,2,18,2
3835,2,25,7
3836,1,50,8
3837,2,25,17
3838,1,25,14
3839,2,50,14
3840,1,25,0
3841,2,45,18
3842,1,35,16
3843,1,1,10
3844,2,18,4
3845,2,25,12
3846,2,35,0
3847,2,25,7
3848,2,25,15
3849,2,35,0
3850,2,18,3
3851,2,25,12
3852,2,50,16
3853,2,25,14
3854,2,25,14
3855,2,25,17
3856,1,35,20
3857,2,18,14
3858,1,45,9
3859,2,25,0
3860,2,45,17
3861,2,18,4
3862,2,25,17
3863,2,25,0
3864,2,50,20
3865,1,1,10
3866,2,45,14
3867,2,35,3
3868,2,18,12
3869,2,18,17
3870,2,25,17
3871,2,18,4
3872,2,25,1
3873,1,45,2
3874,2,25,7
3875,2,25,0
3876,2,25,0
3877,2,45,1
3878,2,35,16
3879,2,25,3
3880,2,25,7
3881,2,18,2
3882,2,56,14
3883,2,50,16
3884,2,18,4
3885,2,25,12
3886,2,35,7
3887,2,18,4
3888,2,45,17
3889,2,45,6
3890,2,18,4
3891,1,56,16
3892,2,25,20
3893,2,25,6
3894,2,35,16
3895,1,35,0
3896,2,35,0
3897,2,56,17
3898,2,45,11
3899,2,25,17
3900,1,25,14
3901,2,18,14
3902,2,25,5
3903,2,25,0
3904,2,1,10
3905,2,25,17
3906,2,50,17
3907,1,18,14
3908,2,25,0
3909,2,18,17
3910,2,25,20
3911,2,18,0
3912,2,25,4
3913,2,18,17
3914,2,35,4
3915,1,35,3
3916,2,25,4
3917,1,35,9
3918,2,25,18
3919,2,45,0
3920,2,35,17
3921,2,25,14
3922,2,18,4
3923,2,35,2
3924,2,50,12
3925,2,25,12
3926,2,25,2
3927,1,25,16
3928,2,25,0
3929,2,25,5
3930,2,56,3
3931,2,25,5
3932,2,25,7
3933,1,35,6
3934,2,25,0
3935,2,35,18
3936,1,35,12
3937,2,56,2
3938,2,25,2
3939,2,45,7
3940,2,35,20
3941,2,45,17
3942,2,18,4
3943,1,35,7
3944,1,35,16
3945,1,45,1
3946,1,25,12
3947,2,25,0
3948,1,45,12
3949,2,45,0
3950,2,25,4
3951,1,18,4
3952,1,45,1
3953,2,25,12
3954,2,18,4
3955,2,35,0
3956,2,25,0
3957,2,35,11
3958,2,45,7
3959,1,45,1
3960,1,35,14
3961,2,25,1
3962,1,56,0
3963,2,50,20
3964,2,56,16
3965,2,18,11
3966,2,25,0
3967,1,18,2
3968,2,25,2
3969,2,56,7
3970,1,25,2
3971,1,18,4
3972,1,25,6
3973,2,25,7
3974,2,35,0
3975,1,25,5
3976,1,25,0
3977,2,35,14
3978,2,35,13
3979,1,50,9
3980,2,25,4
3981,1,45,0
3982,2,56,13
3983,2,25,0
3984,2,25,7
3985,2,45,16
3986,2,25,7
3987,1,18,4
3988,1,25,14
3989,2,50,12
3990,2,25,16
3991,2,25,7
3992,2,25,4
3993,2,25,0
3994,2,50,7
3995,2,35,17
3996,2,18,14
3997,2,35,17
3998,2,45,0
3999,2,35,17
4000,2,35,7
4001,1,25,1
4002,2,45,16
4003,2,56,13
4004,2,50,0
4005,2,35,7
4006,2,1,7
4007,2,35,12
4008,2,18,1
4009,2,18,7
4010,2,25,14
4011,2,25,17
4012,2,18,4
4013,2,25,1
4014,2,25,0
4015,1,45,3
4016,2,50,0
4017,2,25,14
4018,1,45,20
4019,2,35,17
4020,2,25,6
4021,2,50,20
4022,2,35,14
4023,1,35,9
4024,2,25,5
4025,1,56,6
4026,2,25,7
4027,1,25,7
4028,2,25,4
4029,1,56,3
4030,2,35,7
4031,2,25,0
4032,2,25,12
4033,2,25,6
4034,2,25,0
4035,2,18,4
4036,2,25,1
4037,2,50,16
4038,2,50,6
4039,2,25,16
4040,2,25,20
4041,2,18,3
4042,2,35,15
4043,1,25,15
4044,1,35,3
4045,2,56,13
4046,2,45,17
4047,2,18,4
4048,1,35,1
4049,2,45,11
4050,2,35,6
4051,2,18,14
4052,2,25,2
4053,2,25,18
4054,2,35,3
4055,2,50,0
4056,2,1,10
4057,2,35,6
4058,2,25,6
4059,2,25,14
4060,2,25,18
4061,2,50,6
4062,2,25,7
4063,1,35,1
4064,2,45,0
4065,1,45,5
4066,2,25,0
4067,2,45,20
4068,2,56,3
4069,2,35,15
4070,2,25,15
4071,2,25,17
4072,2,50,6
4073,2,25,6
4074,2,35,6
4075,2,25,16
4076,2,25,17
4077,1,35,2
4078,2,25,15
4079,2,35,17
4080,2,35,1
4081,2,18,12
4082,2,25,20
4083,2,56,14
4084,2,56,13
4085,1,25,6
4086,1,1,10
4087,2,1,4
4088,2,25,3
4089,2,25,7
4090,2,56,6
4091,2,25,17
4092,1,25,0
4093,2,25,4
4094,2,25,17
4095,2,25,0
4096,2,25,15
4097,2,25,7
4098,2,35,7
4099,2,35,17
4100,2,56,6
4101,2,18,4
4102,2,1,10
4103,2,18,16
4104,2,18,16
4105,2,50,7
4106,2,25,16
4107,1,25,0
4108,2,35,17
4109,2,35,3
4110,1,45,7
4111,2,25,15
4112,2,45,18
4113,2,35,17
4114,2,35,14
4115,2,25,15
4116,2,35,7
4117,2,18,4
4118,2,25,3
4119,2,50,1
4120,2,25,16
4121,2,45,7
4122,2,18,19
4123,1,25,4
4124,2,25,18
4125,2,35,2
4126,2,25,17
4127,2,50,17
4128,2,35,6
4129,2,56,11
4130,2,35,6
4131,2,45,7
4132,2,25,17
4133,2,45,4
4134,1,45,12
4135,2,1,10
4136,2,50,16
4137,2,25,7
4138,2,25,7
4139,2,56,14
4140,2,25,0
4141,2,35,17
4142,2,56,7
4143,1,25,5
4144,2,18,4
4145,1,50,1
4146,2,35,17
4147,1,50,7
4148,1,35,7
4149,2,35,1
4150,2,25,0
4151,2,45,20
4152,2,25,14
4153,2,50,17
4154,2,25,1
4155,2,50,17
4156,2,56,20
4157,2,50,18
4158,1,1,10
4159,1,50,9
4160,2,35,20
4161,2,45,0
4162,1,25,14
4163,2,56,7
4164,2,35,1
4165,1,25,14
4166,1,25,7
4167,2,25,20
4168,1,45,6
4169,2,50,0
4170,2,45,7
4171,2,56,16
4172,2,35,7
4173,1,18,11
4174,1,35,3
4175,2,35,0
4176,2,45,7
4177,2,35,17
4178,1,50,16
4179,1,35,20
4180,2,56,13
4181,1,25,7
4182,2,25,18
4183,2,25,1
4184,2,50,7
4185,2,25,14
4186,2,25,7
4187,1,56,20
4188,2,50,7
4189,2,35,14
4190,2,45,17
4191,1,45,15
4192,2,35,17
4193,2,56,13
4194,2,18,4
4195,1,56,13
4196,2,35,14
4197,1,45,1
4198,2,18,4
4199,1,25,9
4200,2,45,7
4201,1,25,0
4202,2,25,7
4203,2,25,18
4204,2,35,7
4205,1,25,15
4206,1,35,1
4207,2,35,1
4208,1,35,0
4209,2,56,0
4210,2,25,17
4211,2,45,5
4212,2,56,18
4213,2,35,7
4214,1,25,0
4215,2,25,7
4216,2,25,17
4217,2,18,4
4218,2,50,17
4219,2,35,17
4220,2,35,0
4221,2,35,4
4222,1,45,17
4223,1,35,17
4224,1,45,1
4225,1,25,3
4226,1,35,6
4227,2,25,19
4228,2,50,18
4229,2,35,17
4230,2,56,13
4231,1,50,18
4232,1,35,20
4233,2,35,4
4234,1,45,3
4235,2,50,2
4236,1,25,3
4237,2,25,14
4238,2,35,16
4239,2,50,7
4240,2,35,17
4241,2,35,7
4242,2,50,7
4243,2,56,7
4244,2,35,17
4245,2,50,12
4246,1,35,7
4247,2,25,4
4248,2,25,4
4249,1,18,17
4250,1,50,0
4251,2,45,7
4252,1,35,3
4253,2,45,11
4254,2,25,17
4255,2,50,12
4256,1,1,2
4257,2,50,16
4258,2,25,17
4259,2,35,17
4260,2,25,16
4261,1,35,6
4262,1,35,6
4263,2,25,7
4264,2,45,1
4265,2,25,12
4266,2,56,13
4267,2,35,7
4268,1,45,20
4269,2,35,18
4270,2,45,7
4271,2,35,7
4272,2,45,17
4273,2,45,13
4274,1,45,1
4275,1,45,16
4276,1,45,0
4277,2,35,16
4278,1,45,7
4279,2,25,16
4280,2,35,17
4281,2,56,13
4282,2,35,0
4283,1,25,9
4284,2,50,7
4285,2,35,0
4286,2,35,17
4287,2,25,7
4288,1,25,9
4289,2,35,14
4290,2,25,17
4291,2,35,14
4292,2,25,0
4293,1,45,9
4294,2,1,10
4295,2,18,18
4296,2,56,6
4297,2,45,15
4298,1,18,14
4299,1,25,2
4300,1,18,4
4301,2,35,11
4302,2,50,1
4303,2,25,2
4304,2,18,0
4305,1,45,17
4306,2,45,7
4307,2,25,0
4308,2,25,0
4309,2,25,0
4310,2,25,4
4311,2,50,13
4312,2,25,18
4313,1,25,7
4314,2,25,17
4315,2,18,4
4316,2,25,6
4317,1,35,14
4318,2,25,5
4319,2,35,7
4320,2,25,5
4321,2,45,7
4322,1,50,6
4323,2,18,4
4324,2,25,5
4325,2,25,0
4326,1,45,13
4327,2,35,17
4328,2,50,3
4329,1,25,14
4330,1,45,6
4331,2,35,6
4332,1,25,3
4333,2,50,2
4334,2,25,1
4335,2,35,0
4336,1,25,0
4337,2,18,20
4338,1,18,5
4339,2,25,2
4340,1,25,17
4341,2,35,17
4342,2,25,0
4343,2,25,12
4344,2,25,1
4345,1,25,14
4346,2,18,17
4347,1,18,20
4348,2,45,0
4349,2,18,2
4350,2,18,2
4351,2,25,12
4352,2,18,4
4353,2,25,7
4354,2,35,14
4355,2,50,14
4356,2,35,16
4357,1,35,9
4358,2,35,17
4359,2,18,4
4360,1,25,9
4361,2,35,15
4362,2,25,17
4363,2,35,14
4364,2,25,18
4365,1,50,16
4366,2,18,15
4367,2,35,0
4368,2,18,17
4369,2,50,7
4370,2,25,16
4371,1,18,4
4372,2,35,17
4373,2,50,12
4374,2,18,4
4375,1,25,5
4376,1,25,5
4377,2,25,0
4378,2,18,17
4379,2,25,4
4380,1,25,1
4381,2,25,4
4382,2,25,18
4383,1,18,4
4384,2,25,0
4385,2,25,4
4386,2,25,5
4387,1,18,4
4388,2,45,3
4389,2,25,4
4390,2,25,0
4391,1,18,4
4392,2,18,4
4393,2,18,4
4394,2,25,4
4395,2,50,6
4396,2,18,1
4397,2,18,4
4398,1,18,4
4399,1,18,4
4400,1,18,4
4401,2,18,4
4402,1,18,14
4403,2,25,15
4404,2,25,1
4405,2,25,14
4406,2,25,16
4407,2,18,4
4408,1,45,2
4409,2,25,14
4410,2,18,19
4411,2,18,4
4412,2,18,4
4413,2,1,13
4414,2,25,4
4415,2,18,0
4416,2,18,4
4417,2,25,15
4418,1,50,0
4419,1,45,12
4420,2,25,15
4421,2,45,0
4422,2,25,5
4423,2,18,4
4424,2,25,7
4425,2,35,7
4426,2,45,17
4427,2,18,0
4428,2,25,14
4429,2,25,5
4430,1,25,0
4431,2,1,14
4432,2,25,12
4433,2,25,0
4434,1,35,7
4435,2,25,7
4436,2,25,12
4437,1,35,5
4438,2,50,0
4439,2,35,6
4440,2,35,1
4441,2,18,4
4442,2,50,15
4443,2,56,2
4444,1,25,12
4445,2,25,3
4446,2,18,18
4447,2,45,5
4448,2,25,14
4449,2,25,12
4450,2,25,15
4451,2,25,14
4452,1,25,7
4453,2,35,0
4454,2,25,20
4455,2,35,7
4456,1,35,2
4457,2,35,14
4458,1,25,4
4459,2,25,1
4460,2,25,14
4461,2,25,20
4462,1,25,0
4463,2,50,7
4464,1,50,1
4465,2,18,4
4466,2,35,11
4467,1,50,6
4468,1,35,7
4469,1,45,12
4470,2,35,12
4471,2,25,6
4472,1,45,16
4473,2,35,1
4474,2,35,7
4475,2,18,4
4476,2,45,1
4477,2,25,7
4478,2,1,12
4479,2,50,13
4480,2,25,0
4481,2,25,18
4482,1,35,1
4483,1,25,6
4484,1,25,17
4485,2,25,4
4486,2,35,8
4487,2,25,7
4488,2,35,7
4489,2,18,4
4490,2,35,5
4491,2,18,4
4492,2,56,13
4493,1,1,10
4494,2,45,0
4495,2,18,4
4496,2,45,2
4497,2,50,0
4498,2,50,7
4499,2,25,6
4500,2,50,7
4501,2,25,17
4502,2,50,0
4503,2,56,1
4504,1,25,0
4505,2,50,7
4506,2,50,16
4507,2,18,4
4508,2,25,20
4509,2,25,7
4510,2,45,7
4511,2,35,7
4512,2,25,1
4513,2,56,0
4514,2,18,3
4515,2,56,13
4516,2,18,4
4517,1,18,1
4518,2,25,0
4519,2,50,7
4520,2,25,4
4521,2,35,12
4522,2,45,1
4523,2,18,2
4524,2,25,2
4525,2,25,14
4526,2,25,20
4527,2,18,0
4528,2,25,14
4529,2,35,6
4530,1,35,1
4531,2,18,4
4532,2,25,7
4533,2,25,12
4534,2,18,4
4535,2,18,19
4536,2,18,12
4537,1,45,1
4538,2,25,12
4539,2,35,19
4540,1,25,14
4541,2,1,10
4542,2,35,0
4543,2,25,2
4544,2,56,1
4545,2,25,16
4546,2,25,7
4547,2,18,12
4548,2,18,2
4549,1,1,10
4550,2,18,16
4551,2,18,12
4552,2,25,0
4553,1,35,16
4554,1,25,9
4555,1,18,9
4556,2,45,16
4557,2,25,14
4558,2,35,14
4559,2,25,7
4560,2,25,0
4561,1,25,9
4562,2,35,10
4563,1,25,6
4564,2,35,12
4565,2,35,14
4566,2,35,17
4567,2,18,4
4568,1,25,4
4569,2,25,0
4570,2,45,17
4571,2,35,7
4572,1,1,10
4573,2,50,16
4574,2,25,4
4575,1,1,10
4576,1,25,7
4577,2,35,7
4578,2,25,0
4579,1,18,4
4580,1,56,13
4581,2,25,1
4582,1,25,0
4583,2,50,1
4584,1,45,0
4585,2,35,7
4586,2,25,4
4587,2,35,14
4588,1,25,4
4589,2,25,17
4590,1,18,20
4591,2,25,15
4592,2,18,4
4593,1,45,1
4594,2,35,16
4595,2,25,18
4596,1,18,4
4597,1,25,4
4598,1,35,3
4599,1,35,0
4600,2,25,0
4601,2,35,14
4602,2,35,7
4603,1,35,2
4604,2,25,15
4605,2,25,15
4606,1,1,10
4607,2,25,0
4608,1,25,0
4609,1,25,4
4610,1,25,4
4611,1,18,4
4612,1,18,4
4613,2,25,12
4614,1,45,1
4615,2,25,17
4616,2,25,20
4617,1,25,6
4618,2,25,14
4619,1,25,1
4620,1,18,17
4621,2,25,4
4622,2,25,12
4623,2,25,16
4624,2,25,12
4625,2,25,7
4626,2,25,14
4627,2,56,1
4628,1,56,6
4629,1,18,4
4630,1,25,4
4631,2,18,4
4632,2,25,0
4633,2,1,0
4634,2,50,20
4635,2,18,4
4636,2,18,2
4637,1,35,9
4638,2,25,4
4639,2,35,11
4640,2,25,4
4641,2,25,7
4642,2,25,0
4643,2,25,0
4644,2,50,1
4645,1,50,6
4646,1,25,6
4647,2,35,20
4648,2,18,4
4649,2,56,13
4650,2,25,7
4651,1,45,0
4652,1,25,7
4653,2,35,12
4654,2,35,20
4655,1,25,1
4656,2,25,17
4657,2,45,14
4658,2,25,4
4659,1,25,14
4660,1,18,4
4661,2,45,15
4662,1,18,4
4663,2,25,4
4664,1,45,7
4665,2,35,2
4666,2,35,1
4667,2,25,14
4668,2,35,14
4669,2,35,7
4670,2,35,5
4671,2,25,12
4672,2,56,13
4673,2,35,16
4674,1,35,7
4675,1,18,4
4676,2,45,14
4677,2,50,6
4678,2,35,2
4679,2,56,13
4680,2,35,0
4681,1,35,15
4682,2,25,7
4683,2,25,0
4684,1,25,0
4685,2,35,1
4686,2,18,1
4687,2,35,14
4688,2,25,9
4689,2,18,12
4690,1,1,10
4691,1,45,17
4692,1,25,7
4693,2,18,1
4694,2,56,7
4695,2,18,18
4696,2,18,12
4697,2,18,10
4698,1,25,6
4699,1,18,0
4700,1,18,4
4701,2,45,17
4702,2,25,11
4703,2,25,7
4704,2,18,20
4705,1,18,0
4706,2,25,14
4707,2,1,0
4708,2,25,0
4709,2,45,0
4710,1,35,16
4711,2,25,17
4712,2,35,17
4713,2,25,17
4714,2,50,1
4715,2,25,2
4716,1,25,16
4717,2,45,17
4718,2,35,7
4719,1,35,9
4720,2,25,2
4721,2,35,11
4722,2,35,12
4723,2,35,7
4724,1,56,6
4725,2,35,5
4726,1,35,16
4727,1,56,0
4728,2,25,19
4729,2,50,16
4730,2,50,11
4731,2,25,17
4732,2,25,14
4733,2,18,18
4734,2,50,1
4735,2,45,3
4736,2,18,20
4737,2,35,16
4738,2,56,1
4739,2,25,3
4740,1,25,3
4741,2,35,7
4742,2,25,3
4743,2,56,13
4744,2,50,15
4745,1,18,4
4746,2,50,1
4747,2,18,4
4748,2,45,16
4749,2,45,0
4750,1,25,0
4751,2,50,15
4752,1,18,4
4753,2,56,1
4754,1,18,0
4755,1,56,7
4756,2,56,16
4757,2,35,17
4758,1,56,13
4759,1,50,0
4760,2,35,17
4761,2,18,15
4762,1,25,14
4763,2,56,11
4764,2,1,10
4765,1,35,16
4766,2,35,16
4767,1,35,9
4768,2,25,4
4769,2,25,1
4770,1,35,7
4771,1,25,4
4772,2,56,17
4773,2,45,1
4774,2,45,14
4775,2,25,17
4776,1,25,3
4777,2,25,2
4778,2,25,0
4779,2,45,3
4780,2,25,12
4781,1,50,6
4782,2,45,1
4783,2,25,0
4784,1,35,6
4785,1,25,14
4786,2,45,6
4787,2,1,11
4788,2,35,7
4789,2,35,2
4790,1,25,2
4791,2,18,4
4792,1,50,7
4793,1,25,6
4794,1,35,0
4795,2,45,16
4796,2,35,7
4797,1,35,17
4798,2,25,1
4799,1,18,4
4800,2,18,4
4801,2,25,4
4802,2,56,1
4803,1,25,16
4804,1,35,1
4805,2,35,1
4806,2,25,17
4807,2,1,2
4808,2,35,0
4809,1,50,4
4810,2,18,12
4811,2,35,1
4812,2,18,14
4813,1,35,9
4814,2,18,14
4815,1,50,18
4816,1,45,6
4817,2,25,1
4818,1,25,17
4819,2,35,18
4820,2,50,11
4821,2,18,19
4822,1,35,0
4823,2,18,4
4824,2,25,7
4825,2,25,17
4826,2,45,12
4827,2,35,0
4828,1,18,20
4829,2,25,0
4830,2,1,10
4831,1,25,1
4832,2,25,14
4833,2,35,16
4834,1,45,9
4835,2,25,20
4836,1,45,16
4837,2,25,5
4838,2,45,1
4839,1,50,6
4840,1,45,6
4841,2,25,12
4842,1,35,1
4843,2,56,1
4844,2,45,7
4845,1,25,1
4846,1,25,2
4847,2,25,12
4848,1,35,6
4849,1,18,4
4850,1,45,3
4851,2,18,17
4852,2,35,0
4853,2,25,7
4854,1,50,13
4855,2,25,12
4856,2,25,7
4857,2,25,14
4858,2,25,1
4859,1,18,14
4860,2,25,2
4861,2,25,4
4862,2,25,0
4863,1,25,9
4864,2,18,20
4865,1,35,14
4866,2,56,12
4867,2,25,16
4868,2,35,17
4869,1,45,6
4870,1,35,3
4871,2,18,12
4872,2,45,1
4873,2,56,11
4874,1,25,4
4875,2,35,0
4876,1,35,17
4877,2,25,4
4878,2,50,4
4879,2,25,3
4880,1,45,9
4881,2,45,16
4882,2,45,11
4883,1,1,10
4884,2,35,14
4885,2,56,1
4886,1,35,17
4887,2,18,2
4888,1,56,0
4889,2,18,4
4890,1,25,1
4891,2,35,17
4892,2,25,12
4893,2,25,17
4894,2,35,7
4895,1,25,3
4896,2,35,6
4897,2,35,16
4898,2,25,1
4899,2,25,12
4900,2,25,20
4901,2,25,7
4902,2,35,14
4903,2,35,12
4904,2,50,15
4905,1,45,1
4906,2,50,17
4907,1,50,7
4908,2,35,15
4909,1,35,12
4910,2,18,12
4911,1,25,0
4912,1,50,20
4913,1,25,1
4914,1,25,1
4915,2,25,12
4916,2,18,20
4917,2,45,0
4918,1,18,12
4919,2,18,0
4920,2,35,1
4921,1,25,15
4922,2,18,17
4923,2,45,18
4924,1,35,0
4925,1,35,6
4926,2,1,10
4927,2,45,0
4928,1,25,3
4929,2,45,1
4930,2,50,17
4931,2,50,17
4932,2,25,7
4933,2,25,15
4934,1,25,0
4935,2,35,17
4936,1,18,4
4937,2,35,0
4938,1,18,4
4939,2,25,7
4940,1,50,11
4941,2,56,20
4942,2,45,12
4943,1,50,0
4944,2,50,17
4945,2,50,0
4946,1,35,1
4947,2,35,17
4948,2,45,2
4949,2,18,4
4950,2,25,16
4951,1,35,17
4952,1,25,14
4953,2,35,12
4954,2,45,0
4955,2,56,13
4956,2,35,15
4957,2,25,2
4958,2,18,7
4959,2,25,17
4960,2,56,1
4961,2,25,7
4962,2,25,6
4963,2,45,17
4964,2,35,0
4965,2,1,10
4966,2,50,14
4967,2,18,4
4968,1,50,20
4969,2,18,19
4970,1,25,12
4971,2,35,7
4972,2,35,0
4973,1,56,2
4974,2,35,20
4975,2,35,0
4976,2,25,11
4977,2,25,4
4978,2,35,14
4979,2,35,2
4980,2,25,1
4981,2,50,1
4982,2,25,12
4983,1,45,16
4984,2,35,0
4985,2,35,0
4986,2,18,12
4987,1,56,8
4988,2,25,17
4989,2,25,0
4990,1,25,4
4991,1,56,14
4992,1,25,2
4993,2,45,17
4994,2,45,17
4995,2,50,20
4996,2,35,7
4997,2,1,10
4998,1,18,4
4999,1,56,13
5000,2,25,4
5001,1,25,2
5002,2,25,17
5003,2,35,12
5004,1,56,1
5005,2,45,16
5006,2,35,3
5007,1,18,4
5008,2,25,20
5009,1,45,16
5010,2,45,15
5011,2,18,4
5012,2,50,15
5013,2,18,4
5014,2,45,0
5015,2,35,6
5016,1,35,1
5017,2,35,12
5018,1,56,12
5019,2,25,7
5020,1,56,13
5021,2,50,6
5022,2,35,7
5023,2,35,20
5024,1,45,1
5025,2,25,20
5026,2,25,17
5027,1,25,14
5028,2,25,12
5029,2,25,4
5030,2,18,1
5031,1,25,4
5032,2,18,17
5033,1,56,13
5034,1,25,15
5035,1,25,17
5036,2,35,7
5037,2,35,12
5038,2,25,20
5039,1,35,4
5040,2,45,12
5041,1,45,6
5042,1,18,2
5043,1,18,6
5044,1,35,6
5045,2,35,0
5046,2,25,16
5047,2,45,6
5048,1,35,7
5049,2,25,12
5050,1,18,4
5051,1,50,7
5052,2,35,16
5053,2,25,4
5054,2,35,2
5055,1,35,16
5056,2,45,1
5057,2,50,7
5058,2,56,17
5059,2,45,16
5060,2,45,17
5061,1,18,19
5062,2,50,16
5063,1,1,10
5064,2,18,4
5065,2,25,14
5066,1,25,1
5067,2,56,13
5068,2,35,7
5069,1,56,0
5070,2,25,2
5071,1,25,7
5072,2,45,17
5073,2,56,2
5074,2,1,0
5075,2,50,6
5076,2,25,3
5077,2,25,2
5078,2,45,7
5079,2,25,4
5080,1,50,12
5081,1,18,4
5082,2,35,1
5083,2,25,4
5084,2,18,4
5085,2,56,17
5086,2,25,1
5087,1,25,6
5088,2,25,17
5089,1,35,16
5090,1,35,19
5091,2,25,17
5092,2,56,14
5093,2,50,7
5094,2,18,10
5095,1,35,1
5096,2,25,11
5097,2,56,16
5098,2,50,7
5099,2,18,0
5100,2,50,6
5101,2,25,0
5102,2,25,12
5103,1,35,16
5104,2,35,20
5105,2,50,7
5106,1,35,1
5107,1,45,0
5108,1,25,9
5109,1,45,6
5110,2,35,15
5111,2,35,2
5112,2,35,13
5113,2,25,0
5114,1,1,10
5115,2,56,12
5116,2,35,6
5117,1,25,0
5118,2,1,10
5119,1,25,0
5120,2,50,7
5121,2,25,7
5122,2,25,0
5123,2,50,12
5124,2,35,2
5125,2,45,0
5126,2,25,11
5127,2,45,5
5128,2,50,7
5129,2,45,17
5130,1,50,1
5131,1,25,1
5132,2,35,7
5133,2,18,11
5134,2,25,17
5135,2,35,7
5136,2,25,12
5137,2,18,18
5138,2,25,17
5139,2,50,16
5140,2,25,6
5141,2,18,17
5142,2,25,1
5143,2,18,4
5144,1,50,0
5145,2,35,7
5146,2,56,1
5147,2,18,0
5148,2,25,20
5149,2,35,1
5150,2,25,3
5151,2,18,19
5152,1,25,4
5153,2,25,7
5154,2,25,16
5155,2,25,16
5156,2,18,14
5157,2,35,1
5158,1,18,4
5159,2,35,7
5160,1,18,4
5161,2,25,4
5162,2,25,17
5163,2,45,6
5164,1,35,17
5165,2,35,6
5166,2,50,6
5167,2,18,15
5168,2,35,7
5169,1,50,4
5170,2,18,4
5171,2,56,17
5172,1,35,11
5173,2,1,10
5174,2,45,1
5175,1,35,9
5176,2,1,10
5177,2,45,14
5178,2,50,0
5179,2,25,12
5180,2,35,11
5181,2,25,7
5182,1,35,7
5183,1,18,20
5184,2,18,20
5185,1,35,4
5186,2,35,12
5187,2,18,16
5188,1,35,9
5189,1,45,7
5190,1,35,0
5191,1,25,4
5192,2,25,7
5193,2,35,12
5194,2,25,7
5195,2,35,7
5196,2,56,7
5197,1,56,3
5198,1,18,4
5199,1,25,1
5200,1,35,15
5201,2,50,7
5202,2,18,4
5203,1,45,6
5204,2,50,13
5205,2,25,1
5206,2,35,7
5207,2,25,0
5208,2,25,4
5209,2,50,1
5210,1,35,17
5211,2,25,1
5212,2,18,2
5213,2,18,0
5214,1,35,9
5215,1,56,6
5216,2,18,2
5217,2,25,17
5218,2,18,0
5219,2,18,4
5220,2,25,7
5221,1,56,1
5222,2,25,12
5223,2,56,10
5224,2,35,1
5225,2,18,4
5226,2,35,0
5227,2,18,10
5228,2,1,0
5229,2,25,0
5230,2,25,12
5231,2,35,7
5232,2,25,4
5233,2,25,5
5234,1,25,0
5235,2,25,4
5236,2,25,14
5237,2,25,7
5238,1,50,16
5239,2,35,7
5240,1,25,0
5241,1,25,4
5242,2,25,1
5243,2,1,10
5244,2,18,4
5245,1,45,1
5246,1,18,0
5247,1,1,10
5248,1,45,14
5249,1,45,14
5250,2,50,6
5251,1,25,17
5252,2,25,20
5253,1,56,13
5254,2,18,4
5255,2,1,10
5256,2,25,16
5257,1,25,2
5258,2,35,4
5259,2,25,6
5260,2,35,7
5261,2,35,12
5262,1,25,14
5263,2,35,7
5264,2,18,4
5265,2,45,1
5266,2,35,1
5267,2,35,7
5268,1,25,2
5269,2,18,0
5270,2,25,12
5271,1,25,0
5272,2,25,7
5273,2,56,20
5274,2,25,0
5275,2,25,17
5276,1,25,4
5277,2,25,20
5278,1,25,7
5279,1,25,14
5280,2,18,4
5281,2,25,2
5282,1,18,4
5283,2,18,2
5284,2,25,16
5285,2,18,4
5286,2,45,16
5287,2,25,8
5288,2,56,13
5289,2,45,2
5290,1,18,4
5291,2,45,1
5292,2,25,0
5293,2,25,12
5294,2,25,2
5295,2,35,7
5296,1,1,0
5297,2,25,12
5298,2,35,17
5299,2,25,2
5300,2,25,20
5301,2,25,17
5302,1,1,10
5303,1,56,6
5304,1,35,9
5305,1,18,4
5306,1,25,17
5307,2,25,5
5308,2,56,7
5309,2,25,0
5310,1,56,1
5311,2,50,0
5312,2,25,1
5313,2,56,0
5314,1,25,0
5315,2,25,12
5316,2,18,4
5317,1,25,0
5318,2,18,17
5319,2,18,17
5320,1,18,5
5321,2,25,4
5322,2,35,17
5323,2,25,20
5324,2,25,7
5325,1,50,7
5326,2,25,2
5327,2,25,7
5328,1,25,4
5329,1,25,5
5330,1,25,0
5331,2,35,14
5332,2,18,4
5333,1,25,7
5334,1,56,13
5335,2,25,14
5336,2,56,7
5337,1,35,3
5338,2,25,17
5339,2,18,17
5340,1,50,3
5341,1,25,3
5342,1,35,7
5343,1,25,9
5344,1,50,1
5345,1,25,17
5346,1,25,3
5347,2,25,6
5348,2,18,5
5349,1,50,2
5350,2,18,5
5351,1,45,1
5352,1,35,5
5353,2,25,6
5354,1,45,3
5355,2,56,0
5356,2,45,0
5357,1,18,20
5358,2,35,7
5359,2,18,16
5360,2,18,12
5361,1,50,16
5362,2,35,13
5363,2,56,13
5364,1,25,3
5365,2,18,12
5366,2,18,12
5367,2,18,4
5368,1,25,17
5369,2,25,15
5370,2,25,12
5371,2,25,11
5372,2,25,4
5373,2,18,12
5374,2,35,7
5375,2,25,0
5376,2,25,17
5377,1,18,3
5378,2,35,18
5379,2,25,7
5380,2,18,4
5381,2,25,14
5382,2,18,4
5383,2,35,1
5384,1,25,3
5385,2,25,12
5386,2,25,14
5387,1,25,1
5388,1,18,4
5389,2,45,7
5390,2,1,0
5391,2,25,7
5392,2,50,1
5393,2,35,7
5394,2,18,0
5395,2,50,1
5396,2,25,6
5397,2,18,0
5398,2,56,17
5399,2,25,1
5400,1,18,4
5401,1,18,1
5402,1,25,0
5403,2,1,10
5404,2,25,0
5405,1,50,7
5406,1,35,0
5407,1,35,17
5408,2,25,20
5409,2,45,1
5410,1,45,2
5411,1,1,19
5412,2,25,12
5413,2,35,1
5414,2,1,10
5415,1,25,7
5416,1,25,5
5417,2,18,17
5418,1,25,0
5419,1,18,12
5420,1,1,19
5421,2,35,17
5422,2,50,7
5423,1,50,5
5424,1,35,2
5425,2,18,4
5426,2,25,14
5427,2,35,19
5428,1,25,6
5429,1,25,1
5430,1,45,1
5431,2,56,1
5432,2,56,13
5433,1,35,17
5434,1,25,7
5435,2,45,18
5436,2,18,4
5437,2,25,11
5438,2,25,14
5439,2,56,13
5440,1,45,2
5441,2,50,7
5442,2,25,7
5443,2,25,12
5444,1,18,4
5445,2,25,0
5446,1,50,1
5447,2,45,2
5448,2,45,19
5449,2,18,12
5450,2,18,12
5451,1,25,1
5452,2,35,6
5453,2,18,4
5454,2,35,7
5455,1,18,17
5456,2,35,1
5457,2,18,12
5458,1,18,2
5459,1,1,10
5460,2,18,4
5461,2,50,0
5462,2,25,17
5463,2,35,0
5464,2,35,7
5465,1,25,0
5466,2,25,12
5467,2,35,0
5468,2,25,12
5469,2,35,12
5470,2,56,7
5471,2,18,7
5472,2,35,1
5473,2,25,1
5474,2,25,12
5475,2,25,4
5476,1,35,0
5477,2,35,1
5478,2,35,7
5479,2,35,1
5480,1,25,14
5481,2,45,12
5482,2,18,7
5483,1,25,6
5484,2,45,17
5485,2,25,4
5486,2,25,0
5487,2,25,17
5488,2,25,15
5489,2,18,7
5490,2,45,17
5491,2,18,7
5492,2,18,4
5493,2,35,12
5494,1,35,17
5495,1,18,4
5496,2,25,7
5497,2,25,4
5498,1,50,1
5499,1,25,19
5500,1,35,20
5501,2,25,2
5502,2,25,2
5503,1,25,9
5504,2,45,7
5505,1,25,4
5506,1,18,14
5507,2,45,7
5508,2,25,20
5509,2,25,0
5510,2,18,4
5511,2,45,1
5512,1,25,17
5513,2,35,1
5514,1,1,10
5515,2,18,4
5516,1,50,16
5517,2,56,0
5518,2,50,17
5519,2,35,15
5520,2,45,1
5521,1,25,6
5522,2,25,14
5523,2,35,0
5524,1,1,10
5525,1,1,10
5526,1,35,2
5527,2,25,1
5528,2,50,1
5529,2,18,6
5530,1,18,4
5531,2,50,17
5532,2,25,17
5533,1,50,2
5534,2,45,16
5535,2,25,15
5536,2,25,16
5537,1,56,1
5538,2,45,12
5539,1,25,20
5540,2,35,1
5541,2,56,7
5542,2,45,7
5543,2,25,17
5544,2,25,15
5545,1,35,16
5546,2,18,14
5547,1,18,4
5548,1,18,4
5549,1,50,9
5550,2,35,15
5551,1,35,20
5552,2,50,7
5553,2,35,3
5554,2,25,1
5555,2,1,10
5556,2,45,6
5557,2,35,14
5558,2,1,10
5559,2,50,1
5560,1,35,17
5561,1,25,3
5562,1,35,1
5563,1,25,7
5564,2,45,20
5565,2,18,17
5566,2,35,7
5567,2,50,3
5568,2,18,4
5569,1,18,1
5570,2,25,1
5571,1,25,9
5572,1,25,4
5573,1,35,1
5574,2,25,0
5575,2,35,7
5576,2,25,4
5577,2,50,1
5578,1,18,1
5579,1,35,7
5580,2,45,7
5581,2,25,0
5582,2,45,1
5583,2,56,15
5584,1,50,0
5585,2,25,4
5586,2,35,20
5587,2,25,17
5588,1,25,20
5589,1,25,0
5590,1,45,12
5591,2,18,0
5592,2,25,1
5593,2,50,16
5594,1,45,0
5595,2,25,20
5596,2,35,12
5597,1,18,4
5598,2,18,4
5599,2,35,7
5600,1,45,0
5601,2,35,1
5602,2,35,0
5603,2,50,7
5604,2,35,15
5605,1,18,2
5606,1,25,14
5607,2,18,4
5608,2,18,3
5609,1,50,1
5610,1,25,1
5611,1,35,7
5612,1,25,1
5613,1,35,0
5614,2,25,0
5615,2,35,7
5616,2,45,1
5617,2,25,14
5618,1,18,4
5619,1,18,4
5620,2,35,14
5621,2,25,7
5622,2,35,15
5623,2,25,11
5624,2,25,7
5625,2,25,1
5626,2,56,16
5627,2,25,0
5628,2,18,4
5629,2,25,14
5630,2,35,17
5631,2,35,12
5632,1,18,4
5633,2,50,1
5634,2,25,14
5635,1,35,9
5636,2,25,7
5637,2,1,10
5638,2,18,1
5639,1,18,4
5640,2,35,17
5641,1,25,17
5642,2,1,10
5643,1,35,1
5644,1,18,4
5645,2,25,2
5646,2,18,4
5647,2,18,1
5648,2,25,17
5649,1,18,4
5650,1,35,12
5651,1,25,6
5652,2,18,0
5653,2,50,1
5654,2,25,4
5655,1,25,6
5656,2,25,15
5657,2,50,14
5658,2,56,0
5659,2,25,0
5660,2,25,2
5661,1,25,15
5662,2,1,10
5663,1,35,20
5664,2,18,4
5665,2,18,4
5666,2,18,16
5667,2,35,7
5668,1,25,3
5669,2,56,1
5670,2,18,4
5671,2,25,1
5672,1,25,4
5673,1,35,1
5674,2,35,7
5675,2,35,14
5676,2,25,20
5677,2,25,1
5678,2,35,17
5679,2,35,2
5680,2,50,20
5681,1,25,7
5682,2,18,0
5683,1,18,9
5684,2,18,16
5685,2,25,17
5686,2,56,16
5687,1,1,0
5688,1,18,4
5689,2,25,0
5690,2,18,4
5691,2,35,14
5692,1,25,7
5693,1,25,4
5694,1,25,12
5695,1,35,3
5696,1,25,14
5697,2,25,0
5698,2,35,14
5699,2,35,15
5700,1,18,14
5701,2,25,7
5702,2,18,0
5703,2,56,1
5704,1,18,4
5705,1,18,4
5706,2,18,17
5707,2,25,12
5708,2,35,1
5709,2,18,4
5710,2,25,15
5711,2,25,7
5712,2,35,1
5713,1,50,7
5714,2,35,2
5715,2,18,4
5716,2,1,10
5717,2,25,0
5718,1,35,14
5719,2,56,7
5720,2,25,0
5721,2,45,11
5722,2,25,20
5723,2,18,12
5724,2,25,15
5725,2,18,2
5726,2,25,1
5727,2,25,4
5728,1,35,20
5729,2,18,10
5730,2,18,0
5731,1,25,11
5732,1,25,11
5733,2,25,4
5734,1,25,14
5735,2,25,6
5736,2,25,1
5737,2,45,15
5738,2,25,12
5739,2,25,7
5740,2,25,1
5741,2,50,13
5742,1,25,12
5743,1,35,0
5744,1,25,4
5745,1,18,4
5746,2,18,15
5747,2,25,0
5748,2,25,0
5749,2,25,2
5750,2,18,1
5751,1,1,0
5752,1,56,0
5753,2,18,17
5754,1,18,1
5755,1,35,2
5756,1,1,10
5757,2,1,10
5758,1,50,1
5759,1,25,1
5760,2,18,12
5761,2,25,20
5762,1,35,6
5763,1,25,1
5764,1,50,12
5765,2,25,11
5766,2,56,14
5767,2,25,2
5768,1,1,7
5769,2,45,14
5770,2,25,0
5771,2,25,7
5772,2,35,7
5773,2,25,6
5774,2,18,4
5775,2,25,11
5776,2,18,12
5777,2,1,0
5778,2,35,12
5779,2,25,5
5780,2,18,17
5781,2,25,2
5782,1,35,0
5783,1,45,1
5784,2,18,10
5785,1,25,7
5786,2,25,6
5787,2,25,20
5788,2,25,0
5789,2,25,17
5790,1,35,0
5791,2,18,4
5792,2,25,17
5793,2,25,2
5794,2,35,17
5795,2,25,1
5796,1,25,7
5797,2,25,7
5798,2,35,0
5799,2,25,5
5800,2,35,18
5801,2,25,16
5802,1,25,0
5803,2,1,10
5804,1,35,7
5805,1,25,0
5806,1,50,1
5807,2,35,7
5808,1,25,7
5809,2,25,7
5810,2,50,16
5811,2,18,4
5812,1,25,7
5813,2,25,7
5814,2,25,0
5815,2,25,20
5816,2,25,0
5817,2,25,17
5818,2,25,4
5819,2,50,6
5820,2,45,0
5821,2,25,15
5822,1,35,4
5823,2,25,12
5824,2,18,12
5825,1,25,4
5826,2,18,4
5827,2,25,2
5828,2,25,17
5829,1,25,4
5830,1,18,4
5831,2,25,1
5832,1,25,0
5833,1,35,0
5834,2,56,16
5835,1,35,0
5836,2,25,0
5837,2,25,7
5838,1,45,7
5839,2,25,1
5840,1,1,0
5841,1,35,7
5842,2,25,4
5843,2,35,1
5844,1,1,10
5845,1,25,3
5846,2,45,16
5847,1,18,4
5848,2,50,20
5849,2,35,17
5850,1,25,7
5851,1,18,20
5852,1,25,1
5853,2,50,19
5854,2,45,7
5855,2,50,7
5856,1,25,7
5857,1,45,2
5858,2,25,4
5859,2,25,7
5860,1,25,4
5861,1,50,1
5862,1,25,9
5863,1,25,14
5864,1,50,1
5865,2,25,17
5866,1,25,6
5867,1,45,3
5868,2,35,14
5869,1,25,7
5870,2,25,14
5871,1,25,4
5872,2,25,17
5873,2,18,12
5874,2,25,4
5875,2,25,4
5876,2,50,7
5877,2,18,12
5878,1,25,0
5879,2,35,7
5880,2,25,1
5881,2,35,17
5882,2,35,7
5883,1,18,0
5884,2,18,4
5885,2,25,1
5886,2,25,20
5887,1,35,20
5888,2,25,20
5889,2,50,20
5890,2,35,20
5891,2,18,4
5892,2,45,2
5893,2,25,7
5894,2,35,0
5895,2,25,1
5896,2,25,0
5897,2,25,20
5898,1,18,0
5899,2,35,17
5900,2,25,7
5901,1,35,7
5902,2,50,16
5903,2,25,11
5904,1,45,12
5905,1,35,20
5906,1,18,4
5907,2,25,2
5908,2,25,4
5909,2,18,20
5910,1,45,20
5911,1,25,17
5912,2,25,1
5913,1,18,0
5914,2,35,2
5915,2,18,4
5916,2,50,20
5917,1,50,1
5918,2,25,12
5919,2,18,0
5920,1,25,1
5921,2,25,6
5922,2,56,3
5923,2,25,7
5924,2,35,0
5925,1,25,0
5926,1,50,7
5927,2,35,14
5928,2,45,1
5929,1,35,0
5930,1,35,17
5931,1,18,7
5932,2,18,14
5933,2,25,2
5934,2,25,14
5935,2,18,0
5936,2,18,4
5937,2,25,12
5938,2,25,1
5939,1,45,15
5940,2,50,12
5941,1,25,0
5942,2,45,1
5943,1,45,1
5944,1,18,10
5945,1,35,2
5946,1,56,1
5947,1,45,16
5948,2,56,13
5949,2,18,17
5950,2,25,4
5951,2,18,4
5952,1,45,1
5953,2,1,10
5954,2,45,11
5955,1,25,7
5956,1,18,4
5957,2,18,20
5958,2,45,14
5959,1,18,4
5960,1,45,0
5961,1,45,0
5962,2,35,7
5963,2,25,15
5964,2,18,5
5965,2,25,17
5966,1,35,9
5967,2,50,16
5968,2,56,7
5969,2,45,13
5970,2,35,11
5971,2,35,7
5972,1,25,20
5973,2,1,10
5974,1,25,1
5975,2,25,14
5976,1,25,1
5977,2,35,1
5978,2,35,1
5979,2,25,1
5980,2,56,1
5981,2,35,7
5982,2,35,1
5983,2,25,3
5984,2,25,1
5985,1,18,4
5986,1,56,1
5987,2,25,16
5988,2,25,15
5989,1,1,10
5990,1,25,20
5991,1,35,20
5992,1,18,4
5993,1,50,20
5994,2,35,1
5995,1,35,1
5996,1,25,0
5997,1,25,7
5998,2,18,4
5999,1,25,1
6000,2,45,17
6001,1,25,7
6002,2,50,0
6003,1,45,17
6004,1,25,15
6005,1,25,5
6006,1,1,0
6007,2,35,17
6008,2,18,4
6009,1,25,12
6010,2,35,0
6011,2,35,15
6012,2,35,15
6013,1,25,20
6014,2,45,1
6015,1,25,9
6016,2,45,1
6017,1,35,7
6018,2,35,1
6019,2,25,0
6020,2,50,16
6021,2,25,12
6022,2,25,17
6023,2,25,0
6024,2,25,12
6025,1,25,1
6026,2,35,6
6027,2,18,4
6028,2,18,4
6029,1,25,1
6030,2,25,17
6031,1,18,0
6032,2,45,7
6033,2,50,13
6034,2,25,14
6035,1,25,1
6036,1,25,15
6037,1,45,1
6038,1,56,1
6039,1,45,0
6040,2,25,6
